0.000000,1.786000,2.055000,2.228000,2.933000,3.000000,4.535000,4.890000,6.796000,7.764000,9.251000,11.964000
1.000000,1.738000,2.002000,2.290000,2.595000,3.115000,3.423000,4.466000,5.220000,5.739000,7.785000,10.792000
2.000000,3.019000,3.816000,4.372000,6.010000,7.286000,9.738000,11.353000,14.051000,16.002000,20.379000,22.661000
3.000000,1.421000,1.634000,1.812000,1.862000,2.300000,2.769000,3.141000,3.809000,4.665000,5.617000,7.082000
4.000000,2.027000,2.694000,3.362000,4.000000,4.864000,5.912000,5.946000,8.198000,10.854000,13.475000,16.227000
5.000000,1.943000,2.116000,2.376000,2.925000,3.207000,4.274000,4.500000,6.240000,7.560000,8.495000,10.546000
6.000000,1.529000,1.745000,1.797000,1.951000,2.294000,2.636000,2.871000,3.460000,3.938000,4.356000,4.916000
7.000000,1.516000,1.576000,1.755000,1.802000,1.963000,2.452000,2.648000,3.036000,3.498000,4.209000,4.674000
8.000000,1.667000,2.042000,2.236000,2.587000,2.780000,3.692000,4.325000,4.622000,6.586000,8.088000,9.289000
9.000000,1.365000,1.529000,1.609000,1.999000,2.195000,2.757000,2.929000,4.029000,4.656000,5.714000,6.089000
10.000000,2.016000,2.306000,2.820000,3.387000,3.920000,5.014000,6.783000,8.465000,10.473000,12.651000,15.427000
11.000000,2.314000,2.736000,3.330000,4.244000,4.926000,6.444000,7.837000,9.002000,12.506000,15.804000,17.027000
12.000000,3.053000,3.702000,5.161000,6.092000,8.438000,9.954000,12.109000,14.751000,18.661000,22.042000,24.946000
13.000000,2.178000,2.529000,2.976000,4.111000,4.679000,7.134000,7.541000,9.021000,12.452000,17.140000,19.011000
14.000000,3.748000,5.262000,5.983000,7.512000,9.823000,12.448000,15.168000,17.945000,22.290000,25.234000,28.352000
15.000000,3.142000,4.095000,5.044000,6.695000,7.688000,9.209000,11.455000,13.878000,19.223000,21.202000,24.925000
16.000000,1.614000,1.857000,2.242000,2.604000,3.526000,4.243000,5.401000,6.271000,8.808000,9.419000,12.535000
17.000000,2.318000,2.722000,3.195000,4.243000,4.811000,6.463000,7.314000,8.714000,12.342000,13.628000,17.130000
18.000000,2.446000,3.122000,3.932000,4.878000,6.206000,7.772000,9.422000,12.352000,13.927000,17.970000,20.345000
19.000000,2.175000,2.423000,3.289000,4.069000,5.542000,6.425000,7.914000,10.273000,14.056000,15.382000,18.733000
20.000000,2.193000,2.521000,3.208000,4.337000,5.444000,6.606000,8.651000,10.290000,12.747000,15.468000,18.010000
21.000000,2.261000,2.668000,3.638000,4.481000,5.222000,6.717000,8.755000,11.365000,11.384000,16.207000,20.502000
22.000000,1.883000,2.410000,2.780000,3.527000,4.383000,5.786000,6.610000,8.537000,11.068000,12.235000,15.103000
23.000000,2.877000,3.511000,4.057000,6.014000,6.967000,8.591000,11.110000,13.639000,17.079000,19.515000,23.351000
24.000000,3.801000,5.138000,6.852000,7.680000,10.009000,12.594000,15.201000,18.116000,21.890000,26.453000,28.801000
25.000000,2.864000,3.440000,4.364000,5.382000,6.821000,8.398000,10.066000,13.262000,15.334000,17.092000,22.499000
26.000000,1.536000,1.826000,2.101000,2.209000,2.943000,3.564000,4.255000,4.896000,6.272000,7.943000,9.014000
27.000000,1.798000,2.111000,2.369000,2.697000,3.002000,3.724000,4.043000,5.230000,5.476000,6.722000,8.003000
28.000000,1.365000,1.485000,1.607000,1.733000,1.958000,2.307000,2.457000,2.871000,3.584000,4.121000,4.446000
29.000000,1.764000,2.068000,2.119000,2.538000,2.679000,3.192000,3.300000,4.127000,4.504000,5.252000,5.474000
30.000000,1.566000,1.720000,2.006000,2.140000,2.472000,2.923000,3.216000,4.114000,4.430000,5.120000,6.540000
31.000000,1.745000,1.950000,2.374000,2.485000,2.880000,3.684000,4.256000,4.710000,6.434000,7.173000,8.771000
32.000000,1.774000,2.057000,2.293000,3.061000,3.247000,3.636000,4.535000,5.073000,6.077000,7.098000,9.086000
33.000000,1.619000,1.960000,2.117000,2.331000,2.632000,3.341000,3.959000,4.089000,5.175000,5.921000,7.217000
34.000000,1.281000,1.447000,1.509000,1.638000,1.838000,1.994000,2.353000,2.553000,3.082000,3.650000,3.632000
35.000000,2.168000,2.571000,2.941000,3.564000,3.971000,4.219000,5.272000,6.241000,7.358000,9.119000,10.897000
36.000000,1.375000,1.477000,1.532000,1.813000,1.929000,1.994000,2.244000,2.484000,3.347000,3.268000,3.686000
37.000000,2.112000,2.523000,2.803000,4.112000,5.048000,5.685000,7.450000,9.465000,11.724000,13.651000,15.061000
38.000000,1.513000,1.721000,1.942000,2.251000,2.559000,2.969000,4.011000,4.487000,5.329000,6.638000,7.892000
39.000000,2.594000,3.260000,4.242000,4.963000,7.019000,8.172000,10.868000,12.561000,14.995000,20.169000,21.921000
40.000000,1.837000,2.018000,2.448000,2.741000,3.323000,3.689000,4.266000,5.087000,6.083000,7.668000,9.997000
41.000000,1.447000,1.564000,1.776000,2.158000,2.578000,2.600000,3.262000,3.810000,4.745000,5.334000,7.732000
42.000000,1.382000,1.443000,1.586000,1.720000,2.211000,2.628000,2.689000,3.342000,5.104000,4.979000,6.008000
43.000000,1.393000,1.541000,1.765000,1.897000,2.449000,2.739000,3.412000,3.643000,4.867000,6.391000,7.597000
44.000000,1.782000,2.165000,2.320000,2.937000,3.585000,4.594000,4.697000,5.330000,7.786000,9.092000,11.879000
45.000000,1.703000,2.165000,2.659000,3.235000,4.067000,4.948000,5.475000,6.951000,8.908000,10.357000,14.231000
46.000000,1.307000,1.421000,1.636000,1.881000,2.482000,2.348000,3.176000,3.483000,5.128000,6.064000,6.319000
47.000000,1.388000,1.542000,1.622000,1.994000,2.109000,2.372000,2.459000,3.470000,4.195000,4.710000,5.112000
48.000000,1.277000,1.348000,1.508000,1.609000,1.780000,2.033000,2.134000,2.989000,2.872000,4.056000,4.916000
49.000000,3.228000,4.081000,5.316000,6.452000,8.286000,10.196000,13.092000,15.769000,19.510000,21.326000,27.694000
50.000000,1.822000,2.032000,2.499000,3.342000,3.976000,4.556000,5.650000,7.717000,9.274000,11.419000,13.146000
51.000000,2.749000,3.067000,3.845000,5.119000,5.959000,8.073000,9.369000,12.429000,13.538000,16.569000,19.495000
52.000000,1.206000,1.197000,1.268000,1.370000,1.429000,1.446000,1.534000,2.030000,2.493000,2.788000,2.855000
53.000000,3.367000,4.072000,5.374000,6.441000,8.289000,10.741000,12.675000,15.792000,17.847000,21.944000,26.027000
54.000000,2.182000,2.578000,2.985000,3.808000,4.449000,6.246000,7.548000,9.114000,11.174000,13.216000,15.622000
55.000000,1.388000,1.598000,1.941000,2.059000,3.004000,2.840000,3.330000,3.731000,4.475000,6.201000,7.375000
56.000000,1.359000,1.485000,1.628000,1.982000,2.339000,2.812000,3.355000,4.210000,4.717000,5.254000,6.859000
57.000000,1.269000,1.301000,1.353000,1.536000,1.656000,1.742000,1.756000,2.240000,2.540000,3.411000,3.143000
58.000000,1.449000,1.661000,1.983000,2.010000,2.507000,3.176000,2.949000,4.383000,4.882000,6.295000,8.343000
59.000000,3.296000,4.184000,5.453000,6.555000,8.779000,11.030000,12.469000,15.809000,19.832000,22.359000,26.908000
60.000000,1.255000,1.378000,1.592000,1.785000,1.811000,2.162000,2.868000,3.503000,4.375000,5.307000,5.572000
61.000000,2.849000,3.946000,4.614000,5.776000,7.847000,9.532000,11.078000,13.824000,18.189000,21.301000,24.583000
62.000000,1.290000,1.359000,1.490000,1.618000,1.796000,1.929000,2.453000,2.949000,3.159000,3.615000,4.041000
63.000000,1.454000,1.532000,1.757000,1.892000,1.932000,2.140000,2.370000,2.889000,2.999000,3.598000,4.583000
64.000000,1.849000,2.325000,2.387000,2.758000,3.430000,3.694000,5.487000,5.648000,8.048000,9.632000,11.314000
65.000000,1.474000,1.548000,1.669000,1.837000,1.975000,2.235000,2.390000,2.739000,3.087000,3.470000,4.013000
66.000000,1.135000,1.165000,1.231000,1.194000,1.273000,1.322000,1.370000,1.483000,1.518000,1.607000,1.756000
67.000000,1.398000,1.472000,1.584000,1.728000,1.809000,1.947000,2.170000,2.293000,2.777000,3.111000,3.682000
68.000000,1.102000,1.140000,1.172000,1.226000,1.311000,1.456000,1.419000,1.476000,1.581000,1.740000,1.986000
69.000000,1.557000,1.726000,1.852000,2.194000,2.302000,2.625000,3.206000,3.769000,4.399000,3.992000,5.922000
70.000000,1.141000,1.181000,1.205000,1.273000,1.367000,1.405000,1.498000,1.835000,1.894000,2.093000,2.691000
71.000000,1.540000,1.630000,1.902000,2.014000,2.303000,2.398000,2.917000,3.506000,3.557000,4.495000,5.176000
72.000000,1.365000,1.432000,1.518000,1.702000,1.846000,1.979000,2.234000,2.214000,2.665000,2.745000,3.194000
73.000000,1.635000,1.699000,1.969000,2.321000,2.829000,3.119000,3.740000,4.012000,4.664000,5.627000,7.777000
74.000000,1.466000,1.562000,1.685000,1.762000,2.006000,2.140000,2.275000,2.544000,3.602000,3.726000,4.758000
75.000000,1.535000,1.544000,1.705000,2.101000,2.397000,2.495000,3.186000,3.303000,4.144000,4.618000,6.060000
76.000000,1.584000,1.722000,2.062000,2.307000,2.847000,3.133000,3.440000,4.377000,5.605000,6.502000,7.501000
77.000000,1.882000,2.285000,2.373000,3.061000,3.857000,4.030000,5.145000,6.527000,8.564000,11.303000,13.132000
78.000000,1.404000,1.545000,1.708000,1.809000,2.041000,2.159000,2.661000,2.886000,3.293000,4.062000,4.454000
79.000000,2.068000,2.349000,2.767000,2.901000,3.498000,4.139000,5.041000,6.072000,7.116000,8.054000,9.899000
80.000000,1.224000,1.302000,1.320000,1.369000,1.471000,1.541000,1.512000,1.663000,1.769000,1.763000,2.101000
81.000000,1.454000,1.493000,1.655000,1.799000,1.905000,2.066000,2.445000,2.718000,3.053000,2.983000,3.861000
82.000000,1.108000,1.123000,1.168000,1.156000,1.202000,1.231000,1.274000,1.414000,1.335000,1.425000,1.398000
83.000000,1.158000,1.185000,1.222000,1.399000,1.392000,1.512000,1.605000,1.878000,2.117000,1.969000,2.438000
84.000000,1.405000,1.602000,1.732000,1.950000,2.106000,2.357000,2.794000,3.362000,3.903000,4.849000,5.969000
85.000000,1.314000,1.372000,1.492000,1.539000,1.574000,1.872000,1.844000,2.433000,2.288000,2.721000,3.058000
86.000000,1.481000,1.685000,1.780000,1.955000,2.158000,2.325000,2.857000,2.751000,3.630000,3.513000,4.141000
87.000000,1.453000,1.587000,1.595000,1.802000,1.956000,2.161000,2.373000,2.873000,2.920000,3.531000,4.555000
88.000000,1.177000,1.223000,1.282000,1.336000,1.294000,1.489000,1.566000,1.565000,1.864000,2.143000,2.625000
89.000000,1.295000,1.320000,1.494000,1.441000,1.632000,1.886000,1.859000,2.218000,2.360000,3.493000,3.619000
90.000000,1.902000,2.303000,2.628000,2.968000,3.812000,4.768000,5.365000,7.349000,7.769000,10.305000,11.988000
91.000000,1.490000,1.616000,1.766000,1.962000,2.125000,2.334000,2.787000,3.126000,3.697000,4.596000,4.572000
92.000000,1.524000,1.771000,1.857000,2.201000,2.609000,2.681000,3.174000,4.085000,5.153000,5.806000,5.661000
93.000000,1.440000,1.522000,1.663000,1.846000,1.998000,2.169000,2.782000,3.138000,3.583000,3.440000,4.168000
94.000000,1.202000,1.292000,1.345000,1.358000,1.444000,1.509000,1.573000,1.837000,1.963000,1.941000,1.965000
95.000000,1.319000,1.374000,1.430000,1.581000,1.847000,2.019000,2.255000,2.677000,2.733000,3.468000,3.317000
96.000000,1.845000,2.194000,2.489000,2.966000,3.357000,3.780000,5.221000,5.718000,6.215000,7.681000,8.988000
97.000000,1.214000,1.304000,1.273000,1.442000,1.526000,1.677000,1.824000,2.138000,2.566000,2.684000,3.310000
98.000000,1.355000,1.535000,1.678000,1.789000,1.947000,2.426000,3.124000,3.421000,4.102000,4.595000,5.427000
99.000000,2.530000,3.135000,3.959000,4.214000,5.465000,6.835000,8.966000,9.055000,12.312000,14.351000,17.847000
100.000000,1.246000,1.298000,1.373000,1.547000,1.549000,1.817000,2.006000,2.131000,2.478000,3.025000,3.095000
101.000000,1.242000,1.338000,1.519000,1.628000,1.839000,1.985000,2.617000,2.791000,3.629000,4.373000,4.807000
102.000000,2.175000,2.686000,2.762000,3.620000,4.368000,5.540000,5.965000,7.447000,9.365000,11.453000,13.386000
103.000000,2.395000,2.817000,3.384000,4.890000,5.641000,6.651000,8.226000,10.220000,13.190000,16.201000,19.607000
104.000000,1.417000,1.541000,1.733000,1.940000,2.485000,3.361000,3.471000,4.071000,5.857000,7.280000,8.580000
105.000000,1.876000,2.076000,2.509000,2.853000,3.560000,4.352000,4.879000,6.222000,7.342000,9.497000,12.027000
106.000000,1.387000,1.626000,1.694000,1.957000,2.469000,2.792000,3.493000,4.286000,4.820000,6.085000,7.003000
107.000000,1.101000,1.124000,1.141000,1.177000,1.241000,1.251000,1.286000,1.409000,1.483000,1.602000,1.799000
108.000000,1.250000,1.359000,1.449000,1.525000,1.721000,1.815000,1.991000,2.480000,2.812000,2.920000,3.375000
109.000000,1.398000,1.499000,1.704000,1.901000,2.001000,2.429000,2.582000,3.165000,4.180000,5.028000,4.965000
110.000000,1.593000,1.752000,2.017000,2.242000,2.702000,2.693000,3.428000,4.279000,5.295000,6.080000,7.299000
111.000000,1.523000,1.627000,1.941000,2.075000,2.372000,2.495000,2.842000,3.419000,4.299000,5.485000,5.552000
112.000000,2.010000,2.195000,2.534000,2.995000,3.576000,4.791000,5.049000,6.419000,7.751000,8.786000,10.943000
113.000000,1.130000,1.163000,1.202000,1.242000,1.275000,1.480000,1.382000,1.883000,1.947000,2.183000,2.219000
114.000000,1.277000,1.349000,1.510000,1.523000,1.775000,1.808000,2.372000,2.421000,2.582000,3.018000,3.801000
115.000000,1.271000,1.356000,1.583000,1.593000,1.733000,1.872000,2.081000,2.301000,2.708000,3.727000,4.013000
116.000000,2.381000,2.916000,3.682000,4.965000,5.881000,7.901000,8.744000,11.309000,12.736000,16.544000,18.477000
117.000000,1.684000,1.848000,2.002000,2.713000,2.794000,3.239000,3.964000,4.828000,5.769000,6.997000,8.289000
118.000000,1.301000,1.436000,1.565000,1.699000,1.943000,2.099000,2.175000,2.794000,2.875000,3.880000,5.005000
119.000000,1.770000,1.938000,2.123000,2.366000,3.179000,3.358000,3.785000,4.983000,5.933000,6.620000,8.209000
120.000000,1.346000,1.429000,1.624000,1.677000,1.782000,2.301000,2.383000,3.019000,3.261000,4.031000,5.522000
121.000000,1.368000,1.504000,1.589000,1.761000,2.024000,2.422000,2.514000,3.151000,3.397000,3.878000,5.233000
122.000000,1.794000,2.155000,2.338000,2.754000,3.981000,4.828000,5.322000,7.503000,8.552000,8.607000,12.067000
123.000000,2.173000,2.498000,2.803000,3.121000,3.693000,4.469000,5.185000,5.327000,7.370000,8.293000,10.478000
124.000000,1.324000,1.457000,1.618000,1.810000,2.154000,2.415000,2.472000,3.151000,3.519000,3.963000,4.451000
125.000000,1.591000,1.784000,2.294000,2.516000,3.195000,4.022000,4.692000,5.514000,6.688000,8.717000,9.677000
126.000000,1.533000,1.705000,1.967000,2.197000,2.435000,2.731000,2.955000,3.401000,4.012000,4.952000,6.276000
127.000000,1.456000,1.551000,1.833000,2.046000,2.611000,2.597000,2.763000,3.856000,3.973000,5.590000,6.148000
128.000000,1.167000,1.225000,1.372000,1.423000,1.503000,1.683000,1.895000,2.161000,2.397000,2.776000,3.117000
129.000000,1.127000,1.162000,1.208000,1.288000,1.383000,1.409000,1.849000,2.025000,1.716000,2.416000,2.548000
130.000000,2.020000,2.240000,2.779000,3.100000,3.633000,4.919000,5.526000,7.177000,9.096000,10.190000,11.858000
131.000000,2.427000,3.263000,4.005000,4.698000,6.094000,6.995000,8.041000,11.056000,13.287000,15.995000,19.417000
132.000000,1.368000,1.479000,1.689000,2.018000,2.566000,2.856000,3.889000,3.833000,5.587000,6.162000,8.378000
133.000000,1.363000,1.496000,1.561000,1.723000,1.974000,2.497000,2.830000,3.434000,3.516000,4.646000,5.999000
134.000000,1.221000,1.237000,1.348000,1.362000,1.616000,1.437000,1.786000,2.047000,2.495000,2.611000,2.994000
135.000000,2.472000,3.291000,4.071000,5.667000,7.398000,8.889000,10.530000,13.248000,16.187000,20.081000,23.848000
136.000000,2.115000,2.806000,3.298000,4.082000,4.669000,5.826000,7.704000,8.117000,11.495000,12.859000,15.396000
137.000000,1.774000,2.182000,2.510000,3.159000,4.298000,4.853000,6.210000,8.127000,9.632000,12.410000,13.121000
138.000000,3.064000,3.885000,4.483000,6.236000,7.406000,9.496000,12.816000,13.709000,17.953000,21.184000,24.443000
139.000000,1.764000,2.192000,2.639000,3.272000,5.059000,4.735000,7.262000,8.272000,9.485000,13.578000,13.979000
140.000000,2.290000,2.778000,3.436000,4.187000,5.476000,5.966000,8.713000,10.768000,13.355000,14.524000,17.889000
141.000000,2.055000,2.712000,3.676000,4.204000,5.588000,6.179000,8.666000,10.741000,12.467000,15.243000,18.308000
142.000000,1.449000,1.536000,1.676000,1.973000,2.015000,2.195000,2.630000,2.769000,3.235000,3.495000,4.349000
143.000000,1.422000,1.528000,1.651000,1.715000,1.979000,2.292000,2.398000,2.821000,3.599000,3.986000,4.567000
144.000000,1.785000,1.992000,2.484000,2.910000,3.353000,4.001000,4.963000,5.940000,7.359000,9.976000,12.373000
145.000000,2.067000,2.319000,2.728000,3.499000,4.357000,5.180000,6.212000,6.688000,8.793000,10.283000,12.918000
146.000000,1.153000,1.161000,1.271000,1.300000,1.358000,1.452000,1.873000,1.884000,1.996000,2.437000,2.643000
147.000000,1.169000,1.172000,1.247000,1.336000,1.489000,1.533000,1.831000,1.952000,2.046000,2.360000,3.440000
148.000000,1.125000,1.136000,1.175000,1.319000,1.341000,1.422000,1.466000,1.678000,1.505000,2.023000,2.800000
149.000000,1.390000,1.495000,1.610000,1.876000,2.205000,2.243000,2.987000,3.624000,3.999000,4.146000,5.250000
150.000000,1.828000,2.046000,2.512000,3.033000,3.906000,4.628000,5.713000,6.660000,9.117000,10.566000,12.076000
151.000000,1.560000,1.775000,1.961000,2.212000,2.397000,2.737000,3.790000,4.326000,5.476000,6.813000,7.592000
152.000000,2.509000,3.004000,3.821000,4.826000,6.261000,7.661000,8.914000,12.921000,14.872000,18.144000,20.753000
153.000000,1.433000,1.553000,1.692000,1.931000,2.499000,2.608000,3.316000,3.992000,4.351000,4.975000,9.009000
154.000000,1.346000,1.548000,1.620000,2.049000,1.973000,2.520000,2.786000,3.459000,4.025000,5.793000,6.503000
155.000000,1.216000,1.382000,1.479000,1.557000,1.898000,2.002000,2.548000,3.368000,3.639000,4.527000,5.258000
156.000000,1.919000,2.270000,2.456000,3.005000,3.628000,4.297000,5.586000,6.913000,8.988000,9.984000,11.811000
157.000000,1.645000,1.693000,1.976000,2.347000,2.687000,3.249000,3.624000,4.617000,6.503000,7.387000,8.159000
158.000000,1.113000,1.149000,1.238000,1.263000,1.325000,1.445000,1.597000,1.401000,1.952000,2.337000,2.521000
159.000000,1.276000,1.390000,1.519000,1.601000,1.722000,2.029000,2.228000,2.508000,2.739000,3.594000,4.117000
160.000000,1.342000,1.445000,1.643000,1.732000,1.970000,2.263000,2.512000,2.744000,3.073000,3.261000,4.125000
161.000000,1.124000,1.142000,1.228000,1.234000,1.220000,1.346000,1.449000,1.531000,1.799000,2.067000,2.049000
162.000000,1.129000,1.125000,1.193000,1.268000,1.233000,1.308000,1.568000,1.699000,1.581000,2.006000,1.891000
163.000000,1.863000,2.373000,2.718000,3.136000,3.144000,4.523000,5.802000,6.852000,8.559000,11.135000,13.066000
164.000000,1.109000,1.117000,1.132000,1.133000,1.169000,1.176000,1.200000,1.199000,1.226000,1.198000,1.244000
165.000000,1.094000,1.113000,1.107000,1.155000,1.146000,1.176000,1.210000,1.175000,1.214000,1.205000,1.242000
166.000000,1.948000,2.390000,2.711000,3.299000,4.266000,5.136000,6.713000,8.238000,9.644000,12.374000,15.179000
167.000000,1.412000,1.457000,1.683000,1.707000,1.995000,2.331000,2.350000,2.859000,3.206000,3.654000,4.069000
168.000000,1.372000,1.550000,1.654000,1.815000,1.957000,2.075000,2.511000,2.654000,3.395000,4.278000,4.170000
169.000000,1.124000,1.137000,1.136000,1.167000,1.197000,1.265000,1.247000,1.295000,1.367000,1.332000,1.400000
170.000000,1.532000,1.713000,1.915000,2.315000,2.839000,3.376000,3.961000,4.877000,5.662000,6.924000,9.322000
171.000000,1.731000,1.996000,2.263000,2.776000,3.560000,3.911000,4.804000,5.817000,7.040000,8.944000,11.624000
172.000000,1.538000,1.833000,1.874000,2.259000,2.592000,2.949000,3.381000,4.343000,4.656000,6.392000,7.152000
173.000000,1.263000,1.327000,1.427000,1.526000,1.742000,1.922000,2.021000,2.439000,2.400000,3.045000,3.487000
174.000000,2.068000,2.421000,2.712000,3.519000,4.868000,6.472000,7.330000,9.530000,11.810000,14.215000,16.842000
175.000000,1.134000,1.165000,1.199000,1.306000,1.291000,1.394000,1.386000,1.549000,1.618000,1.998000,2.097000
176.000000,1.224000,1.314000,1.376000,1.449000,1.505000,1.723000,1.680000,1.818000,2.266000,2.080000,2.636000
177.000000,1.620000,1.864000,2.412000,3.078000,3.702000,4.979000,5.086000,7.413000,8.822000,10.608000,13.095000
178.000000,2.315000,2.838000,3.582000,4.170000,5.054000,7.031000,8.234000,9.566000,12.604000,14.660000,17.430000
179.000000,2.041000,2.427000,2.969000,3.472000,4.713000,5.675000,6.422000,8.908000,11.480000,13.020000,16.928000
180.000000,2.562000,2.905000,3.632000,4.922000,5.711000,7.736000,9.570000,11.294000,13.849000,17.018000,21.107000
181.000000,2.406000,2.701000,3.837000,4.540000,6.025000,8.103000,9.263000,11.503000,14.819000,17.383000,21.063000
182.000000,1.866000,2.555000,3.001000,3.961000,4.332000,6.445000,6.809000,9.472000,12.061000,13.080000,15.828000
183.000000,2.043000,2.656000,3.081000,4.115000,5.389000,6.470000,7.939000,9.361000,11.845000,14.250000,16.642000
184.000000,1.818000,2.012000,2.415000,3.206000,3.681000,4.143000,5.716000,7.370000,8.754000,9.576000,11.416000
185.000000,2.966000,3.746000,4.532000,5.269000,7.130000,9.231000,10.963000,13.978000,16.869000,18.879000,25.585000
186.000000,1.448000,1.678000,2.070000,2.187000,2.702000,3.286000,3.743000,4.533000,5.620000,6.956000,7.220000
187.000000,1.919000,2.476000,3.016000,3.970000,4.880000,5.016000,6.962000,8.770000,10.207000,14.357000,16.642000
188.000000,1.921000,2.118000,2.375000,3.158000,4.067000,4.682000,6.292000,7.147000,8.759000,11.399000,12.604000
189.000000,1.140000,1.214000,1.221000,1.433000,1.671000,1.672000,2.103000,2.155000,2.582000,3.234000,3.868000
190.000000,2.642000,3.390000,4.080000,4.895000,6.556000,7.757000,9.849000,11.937000,15.753000,17.745000,21.634000
191.000000,1.765000,2.237000,2.520000,3.285000,4.256000,5.415000,5.800000,7.213000,9.063000,12.014000,14.044000
192.000000,1.662000,1.770000,2.226000,2.773000,3.344000,3.950000,4.330000,6.150000,6.322000,8.935000,9.792000
193.000000,1.649000,1.768000,2.174000,2.597000,3.422000,4.048000,4.913000,6.678000,7.409000,9.380000,12.225000
194.000000,1.626000,1.901000,2.059000,2.530000,3.153000,4.187000,4.446000,6.357000,7.061000,9.022000,11.396000
195.000000,1.671000,1.975000,2.296000,2.684000,3.463000,4.557000,5.102000,7.041000,7.460000,9.123000,12.523000
196.000000,1.505000,1.825000,2.154000,2.601000,2.658000,4.019000,4.581000,5.645000,7.185000,9.304000,10.199000
197.000000,1.531000,1.702000,2.113000,2.205000,3.097000,3.848000,4.676000,5.760000,7.826000,9.110000,10.600000
198.000000,1.103000,1.106000,1.126000,1.139000,1.174000,1.194000,1.191000,1.190000,1.190000,1.223000,1.257000
199.000000,1.096000,1.111000,1.116000,1.129000,1.155000,1.176000,1.205000,1.194000,1.211000,1.227000,1.236000
200.000000,1.686000,1.937000,2.353000,2.892000,3.184000,4.201000,5.024000,6.409000,7.838000,9.962000,12.189000
201.000000,2.103000,2.749000,3.271000,4.356000,5.355000,6.913000,8.176000,11.067000,14.071000,14.898000,18.400000
202.000000,1.675000,2.042000,2.147000,2.626000,3.568000,3.632000,4.947000,6.095000,7.387000,9.375000,9.547000
203.000000,1.383000,1.617000,1.663000,2.164000,2.115000,2.701000,3.366000,4.178000,5.093000,6.142000,7.411000
204.000000,1.264000,1.245000,1.383000,1.552000,1.759000,1.772000,2.010000,2.541000,2.706000,3.102000,4.434000
205.000000,1.155000,1.196000,1.190000,1.252000,1.312000,1.333000,1.418000,1.458000,1.683000,1.991000,1.789000
206.000000,1.768000,2.060000,2.589000,2.888000,3.454000,4.554000,5.138000,6.906000,7.404000,9.394000,11.743000
207.000000,1.131000,1.183000,1.212000,1.269000,1.344000,1.441000,1.630000,1.771000,2.059000,2.381000,2.842000
208.000000,1.431000,1.601000,1.805000,2.187000,2.762000,3.096000,3.383000,4.405000,5.998000,6.303000,7.430000
209.000000,1.503000,1.722000,1.949000,2.300000,2.661000,3.511000,4.149000,5.117000,5.410000,6.664000,8.093000
210.000000,1.731000,1.882000,2.103000,2.668000,3.722000,4.493000,5.568000,7.199000,8.002000,10.559000,13.643000
211.000000,1.162000,1.217000,1.340000,1.278000,1.466000,1.422000,1.782000,1.981000,2.617000,2.699000,2.845000
212.000000,1.599000,1.947000,2.040000,2.311000,2.887000,3.474000,4.267000,5.071000,6.344000,7.535000,8.986000
213.000000,1.505000,1.813000,2.078000,2.125000,3.003000,3.972000,4.482000,5.899000,6.924000,7.579000,9.428000
214.000000,1.590000,1.859000,2.260000,2.443000,3.053000,3.530000,4.626000,5.943000,6.910000,9.506000,10.527000
215.000000,1.373000,1.491000,1.765000,1.782000,2.296000,2.804000,3.185000,4.303000,5.431000,5.930000,6.736000
216.000000,1.184000,1.288000,1.462000,1.424000,1.618000,1.904000,2.580000,2.777000,3.209000,4.171000,4.773000
217.000000,1.214000,1.247000,1.325000,1.701000,1.607000,2.116000,2.250000,2.754000,3.849000,4.556000,5.598000
218.000000,1.159000,1.281000,1.377000,1.577000,1.794000,2.112000,2.537000,2.792000,3.607000,4.672000,4.926000
219.000000,1.188000,1.232000,1.498000,1.723000,1.750000,2.311000,2.367000,2.430000,3.723000,3.918000,4.259000
220.000000,1.355000,1.462000,1.777000,2.062000,2.296000,2.299000,2.944000,4.059000,4.631000,5.510000,7.118000
221.000000,1.149000,1.209000,1.283000,1.474000,1.621000,1.574000,2.073000,2.546000,2.486000,3.711000,3.549000
222.000000,1.131000,1.198000,1.272000,1.378000,1.440000,1.649000,1.646000,2.173000,2.447000,2.633000,3.749000
223.000000,1.143000,1.180000,1.319000,1.379000,1.501000,1.500000,1.913000,1.981000,2.581000,2.582000,3.737000
224.000000,1.129000,1.147000,1.241000,1.372000,1.525000,1.600000,1.803000,1.865000,2.829000,3.348000,2.823000
225.000000,1.451000,1.542000,1.738000,2.050000,2.445000,2.363000,2.874000,3.545000,4.339000,4.714000,5.627000
226.000000,1.333000,1.376000,1.551000,1.622000,1.685000,1.643000,2.100000,2.591000,2.335000,2.802000,3.282000
227.000000,1.461000,1.633000,1.810000,1.851000,2.505000,2.786000,3.004000,3.962000,5.171000,5.256000,7.231000
228.000000,1.328000,1.476000,1.392000,1.846000,2.224000,2.300000,2.468000,2.712000,3.517000,4.443000,6.144000
229.000000,1.676000,1.957000,2.333000,2.559000,3.552000,4.155000,5.497000,6.144000,8.380000,9.914000,13.341000
230.000000,1.405000,1.546000,1.787000,2.183000,2.912000,3.136000,3.787000,4.491000,6.053000,8.111000,9.361000
231.000000,1.189000,1.222000,1.292000,1.408000,1.517000,2.152000,1.794000,2.343000,2.764000,3.788000,4.299000
232.000000,1.596000,1.800000,2.268000,2.500000,3.008000,3.963000,4.243000,4.909000,6.758000,7.510000,9.749000
233.000000,1.230000,1.257000,1.404000,1.550000,1.834000,2.402000,2.582000,3.379000,3.483000,5.140000,5.531000
234.000000,1.271000,1.498000,1.590000,1.781000,2.027000,2.462000,2.758000,3.398000,4.487000,5.496000,6.564000
235.000000,1.688000,1.756000,1.982000,2.304000,2.571000,2.619000,3.398000,3.675000,5.096000,6.087000,7.163000
236.000000,1.125000,1.137000,1.130000,1.235000,1.302000,1.263000,1.355000,1.441000,1.569000,1.699000,1.885000
237.000000,1.198000,1.334000,1.436000,1.469000,1.634000,1.742000,1.901000,2.713000,2.569000,3.263000,3.236000
238.000000,1.106000,1.114000,1.115000,1.129000,1.152000,1.175000,1.192000,1.206000,1.213000,1.257000,1.238000
239.000000,1.118000,1.107000,1.131000,1.139000,1.168000,1.198000,1.196000,1.189000,1.205000,1.236000,1.251000
240.000000,1.222000,1.298000,1.407000,1.517000,1.481000,1.628000,1.783000,1.993000,2.520000,2.509000,3.170000
241.000000,1.239000,1.256000,1.443000,1.464000,1.484000,1.708000,1.926000,2.175000,2.435000,2.474000,2.772000
242.000000,1.175000,1.209000,1.253000,1.271000,1.339000,1.467000,1.536000,1.758000,1.760000,2.404000,2.688000
243.000000,1.096000,1.113000,1.123000,1.144000,1.154000,1.177000,1.169000,1.211000,1.230000,1.237000,1.232000
244.000000,1.111000,1.117000,1.133000,1.153000,1.165000,1.156000,1.189000,1.193000,1.212000,1.209000,1.231000
245.000000,1.093000,1.109000,1.129000,1.134000,1.185000,1.170000,1.191000,1.217000,1.216000,1.208000,1.246000
246.000000,1.094000,1.099000,1.125000,1.133000,1.148000,1.175000,1.188000,1.196000,1.209000,1.229000,1.247000
247.000000,1.117000,1.147000,1.173000,1.209000,1.245000,1.360000,1.391000,1.330000,1.530000,1.375000,1.614000
