0.000000,2.743000,3.523000,4.338000,5.249000,7.317000,9.173000,10.201000,12.883000,16.682000,18.812000,22.772000
1.000000,1.670000,1.821000,2.507000,2.808000,3.219000,4.125000,5.173000,6.183000,7.835000,9.936000,11.988000
2.000000,2.661000,3.563000,4.276000,5.158000,6.528000,8.850000,10.785000,11.937000,16.470000,19.318000,22.898000
3.000000,2.234000,2.600000,3.185000,3.899000,4.879000,6.498000,7.103000,8.872000,12.245000,14.163000,19.103000
4.000000,1.425000,1.786000,1.880000,2.243000,2.855000,3.143000,4.513000,5.162000,6.643000,8.083000,10.103000
5.000000,2.324000,3.073000,3.548000,4.565000,5.260000,7.128000,8.148000,11.284000,12.244000,16.147000,17.696000
6.000000,2.149000,2.568000,3.301000,4.015000,5.003000,6.758000,8.465000,9.748000,11.745000,15.162000,19.033000
7.000000,1.820000,2.014000,2.405000,3.187000,3.704000,4.018000,5.933000,7.409000,8.307000,11.489000,13.509000
8.000000,2.659000,3.473000,4.001000,5.181000,6.226000,8.326000,10.168000,13.020000,14.696000,17.209000,22.515000
9.000000,2.183000,2.630000,2.988000,3.898000,5.207000,5.607000,7.346000,8.660000,11.467000,14.199000,17.165000
10.000000,1.838000,2.085000,2.439000,3.261000,3.825000,4.779000,6.114000,7.934000,9.958000,11.324000,14.168000
11.000000,3.127000,3.580000,4.802000,5.817000,7.453000,9.402000,11.874000,14.283000,18.823000,23.081000,27.911000
12.000000,2.076000,2.721000,3.217000,4.221000,5.184000,6.378000,7.905000,9.831000,12.531000,14.610000,17.993000
13.000000,2.078000,2.377000,2.699000,3.110000,3.792000,5.050000,6.406000,8.366000,9.954000,12.314000,13.100000
14.000000,3.144000,3.896000,5.107000,5.972000,7.521000,9.083000,12.259000,14.856000,17.723000,20.812000,25.322000
15.000000,1.740000,2.057000,2.415000,3.074000,3.846000,4.712000,5.614000,7.763000,9.457000,12.401000,13.845000
16.000000,3.169000,3.986000,4.651000,6.019000,7.900000,10.056000,11.686000,14.943000,17.152000,21.850000,26.148000
17.000000,1.126000,1.206000,1.295000,1.197000,1.623000,1.832000,1.982000,2.486000,2.884000,3.126000,3.801000
18.000000,2.564000,2.973000,3.907000,4.761000,6.318000,7.438000,10.023000,12.491000,14.637000,18.255000,22.321000
19.000000,3.103000,3.682000,4.621000,5.530000,7.475000,8.745000,10.488000,13.385000,17.518000,20.534000,25.203000
20.000000,2.039000,2.561000,3.089000,3.825000,4.289000,5.281000,6.714000,8.889000,10.175000,12.323000,16.440000
21.000000,2.852000,3.494000,4.805000,5.623000,7.325000,9.419000,11.217000,13.132000,16.934000,19.699000,25.275000
22.000000,1.736000,2.085000,2.359000,2.892000,3.397000,4.211000,4.772000,6.878000,8.429000,9.193000,11.997000
23.000000,2.130000,2.675000,3.791000,4.335000,5.136000,7.154000,8.570000,11.498000,13.439000,16.230000,19.531000
24.000000,2.086000,2.420000,3.027000,3.763000,4.628000,5.271000,7.783000,8.364000,10.323000,12.208000,14.870000
25.000000,2.494000,2.751000,3.929000,4.966000,6.361000,7.245000,9.457000,12.677000,14.534000,17.158000,21.816000
26.000000,2.531000,3.293000,3.975000,5.107000,6.322000,7.900000,9.430000,11.656000,15.154000,17.950000,23.094000
27.000000,2.000000,2.476000,2.763000,3.951000,4.574000,6.145000,7.259000,8.896000,11.873000,14.147000,18.545000
28.000000,2.279000,2.891000,3.537000,4.921000,5.478000,6.933000,9.056000,11.330000,13.379000,17.750000,19.614000
29.000000,2.222000,2.765000,3.328000,4.094000,5.635000,7.079000,8.435000,10.692000,12.073000,15.701000,21.318000
30.000000,1.578000,1.875000,2.191000,3.021000,3.485000,4.270000,4.710000,6.037000,8.175000,9.202000,12.381000
31.000000,1.161000,1.146000,1.250000,1.373000,1.509000,1.652000,2.121000,2.238000,2.542000,3.089000,3.780000
32.000000,1.727000,1.964000,2.231000,2.713000,2.933000,3.818000,5.186000,5.536000,7.873000,10.070000,12.669000
33.000000,1.759000,1.880000,2.355000,2.588000,2.765000,3.405000,4.362000,5.519000,6.294000,7.713000,10.525000
34.000000,1.415000,1.486000,1.671000,1.792000,2.087000,2.113000,2.740000,2.728000,3.410000,4.522000,5.275000
35.000000,2.744000,3.575000,4.346000,5.722000,7.480000,8.891000,10.448000,14.248000,16.628000,19.516000,22.888000
36.000000,1.125000,1.124000,1.180000,1.331000,1.340000,1.548000,1.539000,1.740000,2.342000,2.583000,2.630000
37.000000,1.068000,1.067000,1.096000,1.117000,1.101000,1.119000,1.119000,1.135000,1.161000,1.169000,1.154000
38.000000,1.080000,1.087000,1.088000,1.112000,1.118000,1.127000,1.125000,1.156000,1.146000,1.166000,1.187000
39.000000,1.066000,1.080000,1.088000,1.090000,1.141000,1.121000,1.130000,1.135000,1.149000,1.173000,1.180000
40.000000,1.070000,1.093000,1.081000,1.108000,1.116000,1.117000,1.124000,1.146000,1.158000,1.154000,1.172000
41.000000,1.371000,1.490000,1.621000,1.659000,1.701000,1.993000,1.929000,2.402000,2.922000,2.672000,3.945000
42.000000,1.461000,1.730000,1.679000,2.029000,2.493000,3.014000,3.729000,4.029000,4.990000,5.858000,6.913000
43.000000,1.094000,1.117000,1.149000,1.149000,1.178000,1.228000,1.254000,1.260000,1.307000,1.436000,1.530000
44.000000,1.118000,1.071000,1.158000,1.168000,1.188000,1.263000,1.294000,1.434000,1.283000,1.500000,1.561000
45.000000,1.414000,1.555000,1.623000,1.789000,1.895000,2.027000,2.351000,2.761000,3.079000,3.201000,4.205000
46.000000,1.173000,1.221000,1.285000,1.291000,1.457000,1.427000,1.504000,1.597000,1.782000,2.222000,2.120000
47.000000,1.668000,2.021000,2.193000,2.588000,3.199000,3.708000,4.259000,5.186000,7.230000,9.010000,10.595000
48.000000,1.800000,2.139000,2.264000,2.761000,3.494000,3.865000,5.438000,5.975000,7.183000,8.861000,11.552000
49.000000,1.741000,2.066000,2.168000,2.500000,3.037000,3.786000,4.591000,5.080000,6.764000,8.068000,9.788000
50.000000,2.191000,2.738000,3.413000,4.439000,5.148000,7.160000,8.843000,10.560000,12.729000,15.995000,20.058000
51.000000,2.037000,2.440000,2.840000,3.224000,4.160000,4.826000,5.719000,7.942000,9.096000,10.746000,12.608000
52.000000,1.687000,1.936000,2.198000,2.539000,3.049000,3.438000,3.863000,5.714000,6.632000,7.549000,8.843000
53.000000,1.927000,2.255000,2.651000,2.911000,3.581000,4.481000,5.047000,6.072000,8.033000,8.357000,10.993000
54.000000,1.529000,1.690000,1.887000,2.393000,2.555000,3.144000,4.068000,5.171000,5.881000,8.020000,9.577000
55.000000,2.402000,2.916000,3.445000,4.422000,5.371000,6.563000,7.337000,9.812000,11.909000,14.554000,17.531000
56.000000,1.490000,1.722000,1.907000,2.125000,2.844000,3.138000,4.019000,4.419000,5.977000,8.376000,9.884000
57.000000,1.351000,1.413000,1.782000,1.708000,2.138000,2.362000,3.145000,3.916000,4.418000,5.614000,6.440000
58.000000,1.416000,1.686000,1.735000,1.942000,2.464000,2.779000,3.882000,4.768000,5.248000,6.189000,7.821000
59.000000,2.150000,2.611000,3.280000,3.669000,5.036000,6.603000,7.647000,9.477000,11.346000,14.790000,19.440000
60.000000,3.034000,3.661000,4.462000,5.459000,6.785000,8.841000,10.121000,13.565000,15.153000,19.445000,22.928000
61.000000,2.133000,2.403000,2.913000,3.661000,4.471000,5.708000,6.806000,8.114000,11.130000,12.889000,15.624000
62.000000,1.510000,1.921000,2.169000,2.100000,2.796000,3.613000,4.334000,5.331000,7.024000,8.136000,10.426000
63.000000,1.355000,1.676000,1.812000,2.339000,2.712000,2.983000,3.431000,4.600000,5.075000,7.056000,7.977000
64.000000,1.237000,1.405000,1.523000,1.618000,1.721000,2.271000,2.673000,2.985000,3.356000,4.619000,5.202000
65.000000,1.574000,1.882000,1.939000,2.528000,2.865000,3.654000,4.665000,4.977000,6.679000,8.816000,12.676000
66.000000,2.758000,3.236000,4.081000,5.094000,5.960000,7.282000,9.629000,11.606000,14.069000,18.677000,21.374000
67.000000,2.503000,3.381000,3.669000,4.886000,5.936000,7.666000,9.852000,12.626000,14.843000,17.639000,22.323000
68.000000,1.891000,2.200000,2.551000,3.073000,3.898000,4.130000,5.351000,7.806000,8.931000,10.688000,13.828000
69.000000,1.397000,1.578000,1.641000,2.055000,2.490000,2.482000,3.282000,4.147000,5.281000,6.695000,8.608000
70.000000,1.371000,1.486000,1.725000,1.998000,2.262000,2.793000,3.376000,4.035000,4.764000,5.967000,8.141000
71.000000,2.243000,2.711000,3.055000,3.679000,4.925000,6.484000,8.175000,9.598000,11.216000,14.892000,18.723000
72.000000,1.177000,1.257000,1.296000,1.333000,1.545000,1.438000,1.643000,1.825000,2.241000,2.388000,2.688000
73.000000,1.507000,1.778000,1.923000,2.345000,2.622000,2.942000,3.587000,4.010000,4.925000,6.329000,8.216000
74.000000,1.307000,1.377000,1.491000,1.612000,1.822000,2.185000,2.456000,3.121000,3.190000,3.600000,4.892000
75.000000,1.239000,1.420000,1.440000,1.740000,1.798000,2.274000,2.670000,2.606000,3.720000,4.350000,5.479000
76.000000,1.576000,1.767000,2.081000,2.183000,2.916000,3.442000,4.219000,4.946000,6.342000,8.001000,9.678000
77.000000,1.788000,2.127000,2.382000,2.905000,3.379000,3.552000,4.892000,5.909000,7.264000,9.357000,11.327000
78.000000,1.061000,1.070000,1.095000,1.105000,1.126000,1.134000,1.138000,1.154000,1.146000,1.174000,1.160000
79.000000,1.053000,1.086000,1.076000,1.101000,1.111000,1.129000,1.150000,1.175000,1.145000,1.158000,1.205000
80.000000,1.093000,1.109000,1.127000,1.142000,1.194000,1.178000,1.218000,1.259000,1.270000,1.252000,1.386000
81.000000,1.255000,1.328000,1.474000,1.500000,1.607000,1.653000,1.820000,1.930000,1.874000,2.650000,2.710000
82.000000,1.898000,2.212000,2.607000,3.198000,3.937000,4.667000,6.410000,7.138000,8.795000,10.157000,14.751000
83.000000,1.371000,1.498000,1.792000,2.115000,2.300000,2.587000,3.282000,4.333000,5.452000,7.025000,8.066000
84.000000,1.179000,1.218000,1.296000,1.349000,1.392000,1.564000,1.685000,1.820000,2.116000,2.389000,2.492000
85.000000,1.390000,1.498000,1.566000,1.843000,2.081000,2.118000,2.805000,3.116000,3.521000,4.549000,5.328000
86.000000,1.277000,1.366000,1.506000,1.719000,1.993000,1.956000,2.496000,2.877000,3.340000,4.532000,4.525000
87.000000,1.606000,1.773000,2.037000,2.433000,2.833000,3.143000,3.579000,4.648000,6.850000,8.698000,10.131000
88.000000,1.901000,2.381000,2.941000,3.494000,4.773000,5.468000,6.726000,9.343000,11.764000,13.174000,16.567000
89.000000,1.765000,2.169000,2.380000,2.838000,3.736000,4.649000,5.472000,6.780000,8.060000,10.853000,12.391000
90.000000,2.091000,2.426000,2.941000,3.622000,4.408000,6.142000,6.941000,8.769000,10.946000,12.387000,15.637000
91.000000,1.172000,1.163000,1.319000,1.416000,1.617000,1.647000,2.072000,2.724000,2.960000,3.274000,4.357000
92.000000,1.264000,1.432000,1.724000,1.972000,2.125000,2.413000,3.257000,3.380000,3.547000,5.483000,7.201000
93.000000,1.920000,2.466000,3.129000,3.895000,5.085000,6.099000,7.933000,10.659000,11.940000,15.139000,17.861000
94.000000,1.429000,1.528000,1.718000,1.893000,2.599000,2.757000,3.196000,3.866000,3.882000,4.451000,6.052000
95.000000,3.252000,3.808000,4.763000,5.995000,8.170000,9.605000,11.257000,15.202000,18.657000,22.305000,25.565000
96.000000,1.228000,1.327000,1.452000,1.485000,1.804000,2.174000,2.412000,2.997000,3.354000,4.461000,5.092000
97.000000,1.693000,1.833000,2.230000,2.762000,2.786000,3.534000,4.369000,6.391000,7.219000,8.714000,10.848000
98.000000,1.406000,1.664000,1.929000,2.205000,2.368000,3.055000,4.416000,3.975000,6.317000,7.745000,9.001000
99.000000,1.209000,1.232000,1.373000,1.657000,1.733000,2.141000,2.416000,2.803000,3.617000,3.996000,4.817000
100.000000,1.587000,1.698000,2.109000,2.230000,2.545000,3.643000,4.046000,5.078000,5.232000,8.067000,8.600000
101.000000,2.058000,2.379000,2.794000,3.453000,4.429000,5.580000,7.065000,8.407000,11.016000,12.773000,15.733000
102.000000,1.377000,1.392000,1.597000,2.099000,2.286000,2.459000,3.311000,3.875000,4.500000,6.305000,6.845000
103.000000,1.252000,1.388000,1.488000,1.569000,1.635000,1.892000,1.872000,2.406000,2.691000,2.947000,3.329000
104.000000,1.161000,1.234000,1.335000,1.424000,1.482000,1.593000,1.729000,1.890000,2.174000,2.584000,2.914000
105.000000,1.307000,1.373000,1.517000,1.597000,1.802000,1.934000,2.165000,2.493000,2.922000,3.153000,3.685000
106.000000,1.159000,1.221000,1.271000,1.278000,1.370000,1.404000,1.507000,1.657000,1.884000,2.403000,2.213000
107.000000,1.805000,2.034000,2.162000,2.735000,3.186000,3.682000,4.474000,4.779000,6.788000,8.084000,9.074000
108.000000,1.865000,2.083000,2.214000,2.613000,3.229000,3.580000,4.790000,5.356000,6.152000,7.562000,9.217000
109.000000,1.459000,1.583000,1.906000,2.065000,2.491000,3.018000,3.482000,3.981000,4.979000,6.533000,7.714000
110.000000,1.697000,1.958000,2.148000,2.542000,2.992000,3.860000,4.602000,5.007000,6.202000,8.066000,9.540000
111.000000,1.825000,2.109000,2.308000,2.769000,3.452000,3.709000,4.914000,5.418000,7.045000,8.950000,10.987000
112.000000,1.694000,1.777000,2.061000,2.268000,2.761000,2.950000,3.150000,4.150000,5.013000,5.478000,6.466000
113.000000,1.207000,1.229000,1.353000,1.382000,1.462000,1.633000,1.796000,2.070000,2.521000,2.747000,3.630000
114.000000,1.136000,1.198000,1.197000,1.248000,1.351000,1.516000,1.647000,1.732000,1.853000,2.647000,2.616000
115.000000,1.328000,1.423000,1.619000,1.697000,1.879000,2.108000,2.342000,2.377000,3.243000,3.469000,4.566000
116.000000,1.739000,1.985000,2.455000,2.989000,3.488000,4.064000,4.890000,6.431000,7.371000,8.597000,10.819000
117.000000,1.242000,1.350000,1.352000,1.426000,1.577000,1.876000,2.105000,2.646000,3.330000,3.676000,4.570000
118.000000,1.773000,2.194000,2.519000,2.970000,3.318000,4.336000,5.422000,6.952000,8.657000,11.747000,12.902000
119.000000,1.591000,1.784000,1.972000,2.293000,3.008000,3.294000,4.189000,4.942000,6.940000,7.810000,9.244000
120.000000,2.621000,3.218000,3.531000,4.740000,5.538000,7.182000,8.163000,10.934000,13.907000,16.769000,18.795000
121.000000,2.306000,2.618000,3.460000,3.685000,4.603000,5.785000,7.576000,8.713000,10.383000,12.714000,16.688000
122.000000,1.598000,1.818000,1.963000,2.432000,2.792000,3.169000,3.931000,5.157000,6.051000,7.973000,9.588000
123.000000,1.785000,2.050000,2.385000,2.661000,3.200000,4.012000,4.705000,5.386000,6.519000,8.169000,10.822000
124.000000,1.718000,1.793000,2.054000,2.647000,3.150000,3.674000,4.849000,6.869000,7.774000,9.046000,10.490000
125.000000,1.970000,2.435000,2.588000,3.343000,4.306000,5.343000,6.352000,8.238000,10.698000,13.150000,14.193000
126.000000,1.575000,1.705000,1.985000,2.488000,2.794000,3.555000,4.833000,5.125000,7.313000,7.431000,10.722000
127.000000,1.567000,1.782000,2.047000,2.612000,3.172000,4.157000,4.656000,6.256000,6.592000,8.765000,11.937000
128.000000,1.395000,1.534000,1.726000,1.973000,2.234000,2.440000,3.329000,3.962000,4.658000,5.881000,6.300000
129.000000,1.095000,1.175000,1.214000,1.333000,1.304000,1.561000,1.505000,2.038000,1.889000,2.684000,2.870000
130.000000,1.819000,2.045000,2.464000,2.755000,3.495000,4.038000,4.704000,6.017000,6.672000,9.947000,11.862000
131.000000,1.803000,2.022000,2.329000,2.429000,3.589000,3.485000,4.454000,5.696000,6.044000,8.369000,10.736000
132.000000,2.116000,2.400000,2.943000,3.494000,4.126000,5.258000,5.970000,7.729000,9.878000,11.050000,12.576000
133.000000,1.425000,1.580000,1.710000,1.865000,1.989000,2.202000,3.279000,3.527000,3.946000,6.041000,6.306000
134.000000,1.117000,1.181000,1.254000,1.242000,1.348000,1.423000,1.632000,1.945000,2.258000,2.097000,3.174000
135.000000,1.151000,1.204000,1.330000,1.279000,1.450000,1.710000,1.813000,2.244000,2.916000,3.293000,4.220000
136.000000,1.063000,1.080000,1.108000,1.097000,1.118000,1.127000,1.163000,1.146000,1.156000,1.163000,1.181000
137.000000,1.073000,1.070000,1.110000,1.115000,1.112000,1.117000,1.151000,1.145000,1.183000,1.162000,1.174000
138.000000,1.547000,1.699000,1.978000,2.412000,2.790000,2.943000,3.937000,4.829000,5.633000,6.540000,7.238000
139.000000,1.452000,1.754000,1.850000,2.270000,2.355000,3.134000,3.917000,4.352000,5.357000,6.153000,7.526000
140.000000,3.001000,4.032000,5.074000,6.372000,7.881000,9.817000,12.260000,13.950000,17.789000,21.362000,25.903000
141.000000,1.296000,1.385000,1.494000,1.992000,2.244000,2.397000,2.982000,3.752000,4.437000,5.503000,6.381000
142.000000,1.141000,1.262000,1.189000,1.309000,1.487000,1.623000,1.919000,2.038000,2.930000,2.803000,3.762000
143.000000,2.716000,3.402000,4.658000,5.894000,6.692000,8.671000,11.634000,13.045000,17.092000,21.000000,23.241000
144.000000,1.320000,1.501000,1.638000,1.881000,2.328000,2.599000,2.778000,3.982000,4.834000,5.916000,6.957000
145.000000,1.858000,2.201000,2.345000,2.842000,3.561000,3.830000,4.978000,6.068000,7.344000,8.446000,10.941000
146.000000,1.526000,1.536000,1.972000,2.168000,2.655000,3.628000,3.545000,4.662000,5.319000,7.758000,9.915000
147.000000,1.288000,1.388000,1.472000,1.594000,1.769000,2.137000,2.537000,3.054000,3.278000,4.688000,5.185000
148.000000,1.123000,1.219000,1.247000,1.489000,1.471000,1.573000,1.955000,2.403000,2.522000,2.874000,3.814000
149.000000,1.301000,1.434000,1.445000,1.705000,1.933000,2.214000,2.505000,2.940000,4.009000,5.505000,5.438000
150.000000,1.287000,1.417000,1.543000,1.811000,1.844000,2.406000,2.785000,3.303000,4.124000,5.379000,7.326000
151.000000,1.579000,1.703000,1.960000,2.328000,2.842000,3.434000,4.093000,5.149000,6.171000,7.590000,9.219000
152.000000,1.104000,1.198000,1.272000,1.294000,1.411000,1.749000,1.912000,2.044000,2.367000,3.234000,3.220000
153.000000,1.225000,1.267000,1.332000,1.461000,1.500000,1.458000,1.551000,1.578000,1.633000,1.737000,2.137000
154.000000,1.340000,1.437000,1.588000,1.630000,1.835000,1.831000,2.092000,2.184000,2.473000,2.654000,3.028000
155.000000,1.244000,1.320000,1.322000,1.358000,1.433000,1.551000,1.566000,1.696000,1.652000,1.940000,2.116000
156.000000,1.072000,1.093000,1.117000,1.134000,1.158000,1.179000,1.172000,1.212000,1.238000,1.289000,1.364000
157.000000,1.447000,1.489000,1.723000,2.160000,2.331000,2.953000,4.190000,4.725000,5.741000,7.022000,7.766000
158.000000,1.463000,1.647000,1.693000,1.888000,2.221000,2.530000,2.338000,2.913000,3.281000,3.734000,4.854000
159.000000,1.182000,1.211000,1.257000,1.342000,1.448000,1.657000,1.618000,1.996000,2.118000,2.935000,2.764000
160.000000,1.666000,1.946000,2.522000,2.594000,3.001000,3.823000,4.393000,5.340000,6.654000,8.524000,9.475000
161.000000,2.480000,2.824000,3.861000,4.438000,6.110000,7.825000,10.079000,12.165000,14.320000,17.768000,20.018000
162.000000,2.083000,2.640000,3.139000,4.023000,4.880000,6.135000,7.872000,10.505000,12.570000,16.436000,19.362000
163.000000,2.586000,2.928000,4.074000,5.768000,6.678000,8.061000,10.736000,11.311000,15.594000,19.101000,23.548000
164.000000,1.699000,1.815000,2.384000,2.751000,3.612000,4.175000,5.371000,6.031000,8.341000,9.880000,11.042000
165.000000,1.973000,2.201000,3.223000,3.692000,4.460000,6.117000,6.411000,8.572000,11.223000,15.303000,17.342000
166.000000,1.887000,2.079000,2.600000,3.234000,4.145000,5.347000,6.284000,8.307000,9.635000,11.280000,14.118000
167.000000,1.477000,1.576000,1.696000,1.816000,1.995000,2.172000,2.454000,3.002000,3.425000,3.816000,4.707000
168.000000,1.237000,1.288000,1.409000,1.431000,1.475000,1.465000,1.778000,1.853000,1.825000,2.089000,2.378000
169.000000,1.174000,1.191000,1.263000,1.323000,1.393000,1.453000,1.462000,1.628000,2.047000,1.810000,2.065000
170.000000,1.187000,1.195000,1.259000,1.331000,1.379000,1.458000,1.503000,1.593000,1.857000,1.819000,1.797000
171.000000,1.170000,1.187000,1.267000,1.243000,1.289000,1.466000,1.421000,1.585000,1.445000,1.595000,1.919000
172.000000,1.179000,1.257000,1.322000,1.344000,1.436000,1.524000,1.755000,1.698000,1.965000,2.153000,2.408000
173.000000,1.430000,1.495000,1.606000,1.684000,1.859000,2.204000,2.435000,2.715000,3.353000,3.474000,3.892000
174.000000,1.182000,1.239000,1.243000,1.375000,1.360000,1.506000,1.509000,1.763000,1.642000,2.059000,2.668000
175.000000,1.406000,1.515000,1.628000,1.748000,1.934000,2.179000,2.307000,2.839000,3.582000,3.423000,5.276000
176.000000,1.764000,1.964000,2.289000,2.830000,3.475000,4.024000,4.899000,5.826000,7.099000,9.119000,11.967000
177.000000,1.267000,1.487000,1.843000,2.197000,2.375000,2.715000,3.487000,4.169000,5.421000,6.285000,8.671000
178.000000,1.234000,1.295000,1.399000,1.531000,1.484000,1.756000,2.092000,2.480000,2.395000,3.445000,3.572000
179.000000,2.465000,3.199000,3.544000,4.571000,5.442000,6.768000,8.153000,10.244000,13.122000,14.974000,18.716000
180.000000,1.148000,1.203000,1.280000,1.380000,1.465000,1.460000,1.855000,1.986000,2.662000,3.195000,3.722000
181.000000,2.360000,2.795000,3.526000,4.130000,5.289000,5.877000,7.621000,9.876000,11.051000,15.038000,18.302000
182.000000,2.260000,2.995000,3.182000,4.014000,5.097000,6.762000,8.041000,9.485000,12.697000,16.763000,18.643000
183.000000,1.661000,1.988000,2.174000,2.652000,3.174000,4.141000,4.500000,5.587000,6.853000,8.819000,11.068000
184.000000,1.495000,1.665000,1.893000,2.121000,2.290000,2.859000,3.777000,4.840000,5.551000,7.656000,7.900000
185.000000,2.174000,2.627000,3.094000,4.454000,5.363000,6.875000,7.848000,11.336000,12.645000,14.822000,19.148000
186.000000,1.139000,1.212000,1.357000,1.351000,1.594000,1.834000,1.894000,2.507000,2.684000,3.160000,4.069000
187.000000,1.760000,2.120000,2.532000,3.119000,3.652000,4.993000,5.900000,7.535000,9.105000,10.476000,13.885000
188.000000,2.466000,3.072000,3.717000,4.773000,5.878000,6.968000,8.818000,11.298000,13.952000,18.304000,21.647000
189.000000,1.082000,1.141000,1.182000,1.276000,1.260000,1.278000,1.576000,1.692000,1.895000,2.635000,2.942000
190.000000,1.669000,1.726000,2.006000,2.224000,2.540000,3.111000,3.614000,4.774000,5.539000,7.336000,9.406000
191.000000,1.477000,1.651000,2.000000,2.237000,2.498000,2.792000,3.458000,4.579000,5.216000,5.353000,7.728000
192.000000,1.148000,1.270000,1.363000,1.354000,1.543000,1.533000,1.723000,2.196000,2.423000,3.064000,3.096000
193.000000,1.238000,1.467000,1.425000,1.707000,1.766000,2.021000,2.382000,2.555000,3.388000,3.487000,4.084000
194.000000,1.082000,1.069000,1.153000,1.184000,1.221000,1.253000,1.364000,1.273000,1.494000,1.453000,1.446000
195.000000,1.169000,1.185000,1.224000,1.271000,1.324000,1.619000,1.514000,1.514000,1.892000,1.741000,2.145000
196.000000,1.355000,1.661000,1.817000,2.066000,2.426000,2.708000,3.776000,4.751000,4.796000,6.449000,8.808000
197.000000,1.364000,1.620000,1.804000,1.829000,2.617000,2.506000,3.316000,4.063000,5.119000,6.425000,7.173000
198.000000,1.379000,1.658000,1.843000,2.256000,2.451000,3.320000,3.547000,5.211000,5.774000,6.980000,8.708000
199.000000,1.100000,1.238000,1.215000,1.253000,1.255000,1.520000,1.605000,1.836000,1.934000,2.486000,2.671000
200.000000,1.174000,1.217000,1.249000,1.296000,1.443000,1.588000,1.702000,1.846000,2.209000,2.418000,2.507000
201.000000,1.456000,1.674000,1.908000,2.322000,2.723000,3.400000,4.229000,5.178000,6.541000,8.145000,9.398000
202.000000,1.105000,1.192000,1.143000,1.381000,1.337000,1.559000,1.591000,1.988000,2.142000,3.273000,3.046000
203.000000,1.569000,1.715000,2.278000,2.437000,3.332000,4.052000,5.399000,6.466000,7.674000,10.183000,11.867000
204.000000,1.243000,1.331000,1.442000,1.462000,1.660000,1.803000,2.131000,2.134000,2.464000,3.633000,2.803000
205.000000,1.724000,1.983000,2.281000,2.701000,3.294000,3.648000,4.423000,5.465000,7.334000,9.681000,10.821000
206.000000,1.536000,1.750000,2.093000,2.563000,3.108000,3.656000,4.020000,4.407000,6.467000,8.000000,10.661000
207.000000,1.574000,1.664000,1.825000,2.146000,2.852000,3.027000,3.835000,4.316000,5.486000,6.771000,8.417000
208.000000,1.587000,1.773000,2.152000,2.298000,2.945000,3.812000,4.286000,5.117000,5.867000,8.624000,8.864000
209.000000,1.566000,1.593000,1.645000,2.067000,2.485000,3.050000,3.612000,4.879000,5.274000,6.203000,7.876000
210.000000,2.193000,2.511000,3.094000,3.700000,4.352000,5.095000,6.903000,8.052000,11.196000,13.741000,15.219000
211.000000,1.604000,1.873000,2.106000,2.402000,2.936000,3.557000,4.148000,5.200000,6.567000,7.151000,9.257000
212.000000,2.005000,2.373000,3.034000,3.512000,5.078000,6.046000,7.416000,9.083000,12.014000,14.650000,17.793000
213.000000,1.361000,1.560000,1.809000,1.858000,2.459000,2.613000,3.780000,4.039000,5.759000,6.613000,8.001000
214.000000,1.770000,2.028000,2.313000,2.790000,3.344000,4.197000,5.308000,5.933000,7.471000,10.562000,12.838000
215.000000,1.226000,1.298000,1.346000,1.481000,1.577000,2.022000,2.099000,2.369000,3.540000,2.655000,3.848000
216.000000,1.133000,1.248000,1.365000,1.566000,1.593000,2.017000,1.946000,2.762000,3.162000,3.629000,3.793000
217.000000,1.218000,1.301000,1.373000,1.521000,1.579000,1.823000,1.805000,2.167000,2.545000,3.229000,3.758000
218.000000,1.162000,1.226000,1.277000,1.283000,1.387000,1.339000,1.526000,1.556000,1.786000,2.115000,2.252000
219.000000,1.362000,1.500000,1.598000,1.644000,1.849000,2.173000,2.431000,2.805000,3.098000,4.542000,4.957000
220.000000,1.557000,1.747000,1.952000,2.189000,2.712000,3.477000,3.780000,4.588000,5.785000,8.130000,9.793000
221.000000,1.809000,2.183000,2.732000,3.045000,3.848000,5.869000,7.070000,8.022000,11.363000,11.709000,14.752000
222.000000,1.109000,1.190000,1.157000,1.309000,1.469000,1.420000,1.621000,1.855000,2.364000,2.122000,2.898000
223.000000,1.486000,1.742000,2.041000,2.208000,2.773000,3.290000,4.269000,4.927000,6.051000,7.271000,8.950000
224.000000,1.145000,1.190000,1.230000,1.287000,1.446000,1.725000,2.123000,2.494000,2.317000,3.011000,3.766000
225.000000,1.618000,1.857000,2.526000,2.833000,3.595000,4.946000,6.019000,7.489000,9.342000,11.864000,13.510000
226.000000,1.984000,2.514000,2.638000,3.850000,4.624000,6.079000,7.564000,8.945000,10.979000,15.063000,18.103000
227.000000,1.348000,1.468000,1.576000,1.733000,2.098000,2.041000,2.598000,2.582000,3.464000,3.664000,4.165000
228.000000,1.584000,1.675000,1.911000,2.088000,2.371000,2.713000,3.852000,3.996000,4.642000,6.538000,8.876000
229.000000,1.128000,1.165000,1.208000,1.249000,1.471000,1.462000,1.534000,2.074000,1.949000,2.275000,3.262000
230.000000,1.143000,1.207000,1.204000,1.246000,1.291000,1.343000,1.324000,1.443000,1.563000,1.524000,1.836000
231.000000,1.152000,1.170000,1.200000,1.221000,1.252000,1.328000,1.304000,1.345000,1.450000,1.440000,1.482000
232.000000,1.071000,1.077000,1.115000,1.120000,1.138000,1.150000,1.187000,1.185000,1.275000,1.251000,1.244000
233.000000,1.142000,1.177000,1.239000,1.247000,1.293000,1.321000,1.505000,1.611000,1.651000,2.026000,1.883000
234.000000,1.075000,1.074000,1.091000,1.079000,1.103000,1.136000,1.146000,1.157000,1.162000,1.165000,1.166000
235.000000,1.081000,1.083000,1.092000,1.095000,1.113000,1.112000,1.151000,1.134000,1.149000,1.154000,1.175000
236.000000,1.228000,1.251000,1.455000,1.675000,2.100000,2.400000,2.813000,3.473000,3.932000,4.641000,5.465000
237.000000,1.189000,1.244000,1.306000,1.373000,1.463000,1.722000,1.737000,2.004000,1.933000,2.302000,2.980000
238.000000,1.413000,1.440000,1.691000,1.949000,1.881000,2.439000,3.128000,3.538000,4.689000,5.061000,6.602000
239.000000,1.335000,1.380000,1.500000,1.863000,1.983000,2.089000,2.396000,3.475000,3.942000,4.827000,6.520000
240.000000,1.329000,1.496000,1.526000,1.785000,1.846000,2.130000,3.091000,3.307000,3.906000,5.030000,6.159000
241.000000,1.107000,1.145000,1.175000,1.197000,1.235000,1.361000,1.508000,1.734000,1.859000,2.220000,2.151000
242.000000,1.117000,1.168000,1.258000,1.335000,1.371000,1.579000,1.970000,2.110000,2.499000,2.826000,3.297000
243.000000,1.106000,1.176000,1.272000,1.314000,1.485000,1.545000,1.771000,2.092000,2.348000,3.037000,4.146000
244.000000,1.061000,1.078000,1.120000,1.164000,1.163000,1.172000,1.196000,1.308000,1.284000,1.818000,1.418000
245.000000,1.187000,1.257000,1.263000,1.484000,1.354000,1.934000,2.079000,2.131000,2.104000,2.666000,3.522000
246.000000,1.110000,1.123000,1.167000,1.183000,1.361000,1.308000,1.618000,1.638000,2.424000,2.969000,2.838000
247.000000,1.374000,1.443000,1.509000,1.530000,1.766000,1.788000,2.119000,2.055000,2.369000,2.536000,2.776000
248.000000,1.147000,1.191000,1.200000,1.228000,1.322000,1.346000,1.428000,1.420000,1.539000,1.497000,1.703000
249.000000,1.083000,1.109000,1.149000,1.161000,1.208000,1.166000,1.293000,1.247000,1.272000,1.578000,1.376000
250.000000,1.166000,1.168000,1.207000,1.271000,1.299000,1.304000,1.360000,1.431000,1.486000,1.717000,1.643000
251.000000,1.132000,1.220000,1.418000,1.475000,1.910000,2.060000,2.320000,2.819000,3.606000,4.632000,5.048000
252.000000,1.092000,1.176000,1.200000,1.279000,1.387000,1.427000,1.706000,1.812000,2.059000,2.572000,3.277000
253.000000,1.110000,1.176000,1.271000,1.323000,1.585000,1.659000,1.931000,2.160000,2.356000,3.063000,4.189000
254.000000,1.103000,1.140000,1.186000,1.217000,1.390000,1.460000,1.428000,1.749000,2.091000,2.444000,3.008000
255.000000,1.102000,1.163000,1.168000,1.255000,1.430000,1.506000,1.750000,1.991000,2.103000,2.192000,3.173000
256.000000,1.095000,1.097000,1.132000,1.140000,1.190000,1.259000,1.413000,1.331000,1.680000,1.564000,1.520000
257.000000,1.151000,1.198000,1.233000,1.218000,1.268000,1.351000,1.376000,1.454000,1.429000,1.506000,1.595000
258.000000,1.153000,1.137000,1.177000,1.246000,1.397000,1.354000,1.671000,1.848000,1.843000,2.437000,2.665000
