Order,District Tuple,Lat,Lon
0,"('Phra Nakhon', 'Bangkok')",13.765096200668545,100.49935721120433
1,"('Dusit', 'Bangkok')",13.777345569576957,100.52093624797357
2,"('Nong Chok', 'Bangkok')",13.855727552946403,100.86262861357989
3,"('Bang Rak', 'Bangkok')",13.730903075589106,100.5235481693973
4,"('Bang Khen', 'Bangkok')",13.873676020006384,100.59662351968224
5,"('Bang Kapi', 'Bangkok')",13.765991079203731,100.6474855828894
6,"('Pathum Wan', 'Bangkok')",13.745258155294325,100.52353470829608
7,"('Pom Prap Sattruphai', 'Bangkok')",13.75852341758535,100.51335771465205
8,"('Phra Khanong', 'Bangkok')",13.702658132757334,100.60205691172465
9,"('Min Buri', 'Bangkok')",13.814110523521652,100.73293981572438
10,"('Lat Krabang', 'Bangkok')",13.72369355083768,100.78417398564892
11,"('Yannawa', 'Bangkok')",13.696415827574208,100.54322614915868
12,"('Samphanthawong', 'Bangkok')",13.732807152899278,100.51486866614468
13,"('Phaya Thai', 'Bangkok')",13.779998407203031,100.5427162135786
14,"('Thon Buri', 'Bangkok')",13.725002157379908,100.4861506938964
15,"('Bangkok Yai', 'Bangkok')",13.723473183582245,100.47708275693978
16,"('Huai Khwang', 'Bangkok')",13.776695141273883,100.57959023437807
17,"('Khlong San', 'Bangkok')",13.730772789057715,100.50976688401391
18,"('Taling Chan', 'Bangkok')",13.776959943820511,100.4567464343912
19,"('Bangkok Noi', 'Bangkok')",13.770995815859512,100.4680357083089
20,"('Bang Khun Thian', 'Bangkok')",13.660833876686974,100.43538625923355
21,"('Phasi Charoen', 'Bangkok')",13.71512262220817,100.43692713555347
22,"('Nong Khaem', 'Bangkok')",13.705582378636471,100.34916214904652
23,"('Rat Burana', 'Bangkok')",13.682153999925848,100.50579653555752
24,"('Bang Phlat', 'Bangkok')",13.794135697838849,100.5050670778795
25,"('Din Daeng', 'Bangkok')",13.770418796720543,100.55307700672566
26,"('Bung Kum', 'Bangkok')",13.785344968090715,100.66962464089048
27,"('Sa Thon', 'Bangkok')",13.708091593085635,100.52623037569684
28,"('Bang Su', 'Bangkok')",13.809604945942551,100.53746027380195
29,"('Chatuchak', 'Bangkok')",13.828788705336812,100.55995953555454
30,"('Bang Kho Laem', 'Bangkok')",13.693005011948236,100.5024407509094
31,"('Prawet', 'Bangkok')",13.717211470704347,100.6946517094993
32,"('Khlong Toei', 'Bangkok')",13.708316681521428,100.58374911172466
33,"('Suan Luang', 'Bangkok')",13.730198987432098,100.65136400918249
34,"('Chom Thong', 'Bangkok')",13.710527557707769,100.43776599407524
35,"('Don Mueang', 'Bangkok')",13.910132234393089,100.59469589323076
36,"('Rat Thewi', 'Bangkok')",13.759135910480085,100.5342050355645
37,"('Lat Phrao', 'Bangkok')",13.80350554056472,100.60739049351356
38,"('Watthana', 'Bangkok')",13.74264067909114,100.58563983041536
39,"('Bang Khae', 'Bangkok')",13.696168920426397,100.40917719959404
40,"('Lak Si', 'Bangkok')",13.887495712316154,100.57892209643944
41,"('Sai Mai', 'Bangkok')",13.89509435160269,100.66047956693004
42,"('Khanna Yao', 'Bangkok')",13.799303969900633,100.68268068334568
43,"('Saphan Sung', 'Bangkok')",13.768914169173517,100.68570992959629
44,"('Wang Thong Lang', 'Bangkok')",13.764163789040015,100.60572374917236
45,"('Khlong Sam Wa', 'Bangkok')",13.859980708225793,100.70418943555298
46,"('Bang Na', 'Bangkok')",13.68116344979929,100.5920689526488
47,"('Thawi Watthana', 'Bangkok')",13.773012727713503,100.3531219143488
48,"('Thung Khu', 'Bangkok')",13.611530107310376,100.50873517093676
49,"('Bang Bon', 'Bangkok')",13.633938296697693,100.36887942354102
50,"('Mueang Samut Prakan', 'Samut Prakan')",13.600400235851945,100.59708206899788
51,"('Bang Bo', 'Samut Prakan')",13.573958059903555,100.83577523039922
52,"('Bang Phli', 'Samut Prakan')",13.605782158337714,100.70615410501873
53,"('Phra Pradaeng', 'Samut Prakan')",13.658713173806133,100.5336995122683
54,"('Phra Samut Chedi', 'Samut Prakan')",13.568793112437538,100.5617786744659
55,"('Bang Sao Thong', 'Samut Prakan')",13.594871171737706,100.83004923555984
56,"('Mueang Nonthaburi', 'Nonthaburi')",13.862418250350489,100.51339381164291
57,"('Bang Kruai', 'Nonthaburi')",13.805217620471955,100.47279952905474
58,"('Bang Yai', 'Nonthaburi')",13.876456787584264,100.403831023469
59,"('Bang Bua Thong', 'Nonthaburi')",13.96850231791555,100.40548602927473
60,"('Sai Noi', 'Nonthaburi')",13.978765221040495,100.31363628435317
61,"('Pak Kret', 'Nonthaburi')",13.912550629491674,100.498227776962
62,"('Mueang Pathum Thani', 'Pathum Thani')",14.01971346102307,100.53464238203622
63,"('khlong Luang', 'Pathum Thani')",14.064875279366609,100.6455153486471
64,"('Thanyaburi', 'Pathum Thani')",14.016439495285091,100.72426654220804
65,"('Nong Suea', 'Pathum Thani')",14.13499513964904,100.82426094898688
66,"('Lat Lum Kaeo', 'Pathum Thani')",14.037061774571752,100.40464795662594
67,"('Lam Luk Ka', 'Pathum Thani')",13.93253620994905,100.74966985778852
68,"('Sam Khok', 'Pathum Thani')",14.065316444683049,100.52270099085229
69,"('Phra Nakhon Si Ayutthaya', 'Phra Nakhon Si Ayutthaya')",14.352179711620067,100.57660589089572
70,"('Tha Ruea', 'Phra Nakhon Si Ayutthaya')",14.551552907105012,100.72789148609174
71,"('Nakhon Luang', 'Phra Nakhon Si Ayutthaya')",14.464127084761907,100.60590525036476
72,"('Bang Sai', 'Phra Nakhon Si Ayutthaya')",14.212852869977414,100.4982536483068
73,"('Bang Ban', 'Phra Nakhon Si Ayutthaya')",14.373954355696018,100.48584195780442
74,"('Bang Pa-in', 'Phra Nakhon Si Ayutthaya')",14.21532679803618,100.5778409934456
75,"('Bang Pahan', 'Phra Nakhon Si Ayutthaya')",14.46266411077231,100.54478332523456
76,"('Phak Hai', 'Phra Nakhon Si Ayutthaya')",14.45879385399784,100.36915966940283
77,"('Phachi', 'Phra Nakhon Si Ayutthaya')",14.449217685669334,100.72849577920668
78,"('Lat Bua Luang', 'Phra Nakhon Si Ayutthaya')",14.16532534383839,100.3081781868699
79,"('Wang Noi', 'Phra Nakhon Si Ayutthaya')",14.226740594621695,100.71562321871536
80,"('Sena', 'Phra Nakhon Si Ayutthaya')",14.32731018784192,100.40447261339663
81,"('Bang Sai', 'Phra Nakhon Si Ayutthaya')",14.319422074562294,100.30019212120295
82,"('Uthai', 'Phra Nakhon Si Ayutthaya')",14.332250120701126,100.6628484275332
83,"('Maha Rat', 'Phra Nakhon Si Ayutthaya')",14.53435782313567,100.52725873570463
84,"('Ban Phraek', 'Phra Nakhon Si Ayutthaya')",14.647894932452958,100.5824401170015
85,"('Mueang Ang Thong', 'Ang Thong')",14.58924958690328,100.45353122262031
86,"('Chaiyo', 'Ang Thong')",14.64911607248009,100.4786240571374
87,"('Pa Mok', 'Ang Thong')",14.488679735110416,100.4508921464532
88,"('Pho Thong', 'Ang Thong')",14.666373071583282,100.40848082885977
89,"('Sawaeng Ha', 'Ang Thong')",14.751386050844571,100.32489916213946
90,"('Wiset Chai Chan', 'Ang Thong')",14.594739611377156,100.3383429688138
91,"('Samko', 'Ang Thong')",14.605681647780406,100.24488193500784
92,"('Mueang Lop Buri', 'Lopburi')",14.798048532112915,100.65370251528194
93,"('Phatthana Nikhom', 'Lopburi')",14.855887278353102,100.99001063975106
94,"('Khok Samrong', 'Lopburi')",15.069737349652645,100.7237869282
95,"('Chai Badan', 'Lopburi')",15.20581444456326,101.13706962315187
96,"('Tha Wung', 'Lopburi')",14.81562220780626,100.51145483039666
97,"('Ban Mi', 'Lopburi')",15.044526584476149,100.53709668912964
98,"('Tha Luang', 'Lopburi')",15.067469087001768,101.1069470610647
99,"('Sa Bot', 'Lopburi')",15.195176553742336,100.8487033354673
100,"('Khok Charoen', 'Lopburi')",15.382810061504296,100.82247714504037
101,"('Lam Sonthi', 'Lopburi')",15.301535728733972,101.36368839991007
102,"('Nong Muang', 'Lopburi')",15.246708971987768,100.65206876176828
103,"('Mueang Sing Buri', 'Sing Buri')",14.88827113980371,100.40469354698128
104,"('Bang Rachan', 'Sing Buri')",14.800225223054916,100.31063970118268
105,"('Khai Bang Rachan', 'Sing Buri')",14.904105715051552,100.33803927888978
106,"('Phrom Buri', 'Sing Buri')",14.791347512935335,100.45347276439436
107,"('Tha Chang', 'Sing Buri')",14.761756518673872,100.38997930690608
108,"('In Buri', 'Sing Buri')",15.008649910265229,100.3264754318246
109,"('Mueang Chai Nat', 'Chai Nat')",15.185476927142602,100.12382635033302
110,"('Manorom', 'Chai Nat')",15.3094800665875,100.08378510604118
111,"('Wat Sing', 'Chai Nat')",15.255265096570072,100.03802771669226
112,"('Sapphaya', 'Chai Nat')",15.137619461100124,100.24287642162427
113,"('Sankhaburi', 'Chai Nat')",15.047257229075646,100.16174672812168
114,"('Hankha', 'Chai Nat')",14.98112873581745,100.01477595274008
115,"('Nong Mamong', 'Chai Nat')",15.276835726290397,99.86664692758198
116,"('Noen Kham', 'Chai Nat')",14.962278914964896,99.9117169296217
117,"('Mueang Saraburi', 'Saraburi')",14.528137561398715,100.9098125792988
118,"('Kaeng Khoi', 'Saraburi')",14.586504885677511,100.99773111511972
119,"('Nong Khae', 'Saraburi')",14.339070121650323,100.86153959165162
120,"('Wihan Daeng', 'Saraburi')",14.346502411276338,100.98928506480812
121,"('Nong Saeng', 'Saraburi')",14.491967814349865,100.78444031576288
122,"('Ban Mo', 'Saraburi')",14.615554927961162,100.72723978486556
123,"('Don Phut', 'Saraburi')",14.59223745913308,100.62833411653384
124,"('Nong Don', 'Saraburi')",14.681133409153812,100.70816473623778
125,"('Phra Phutthabat', 'Saraburi')",14.725458057295011,100.79523520013632
126,"('Sao Hai', 'Saraburi')",14.550851186926572,100.84428737853422
127,"('Muak Lek', 'Saraburi')",14.655507638913704,101.19837053434922
128,"('Wang Muang', 'Saraburi')",14.845703148075556,101.13442974594142
129,"('Mueang Chon Buri', 'Chonburi')",13.361868622789313,100.97985053612275
130,"('Ban Bueng', 'Chonburi')",13.31143893659305,101.11220636748156
131,"('Nong Yai', 'Chonburi')",13.156292129128827,101.36600424229827
132,"('Bang Lamung', 'Chonburi')",12.976830087112038,100.91382634314554
133,"('Phan Thong', 'Chonburi')",13.470700820237557,101.09681915894345
134,"('Phanat Nikhom', 'Chonburi')",13.45218579852603,101.17735879334312
135,"('Si Racha', 'Chonburi')",13.174465471582042,100.93087411341172
136,"('Ko Sichang', 'Chonburi')",13.16365512910306,100.80801383369268
137,"('Sattahip', 'Chonburi')",12.662951960377892,100.9056031031669
138,"('Bo Thong', 'Chonburi')",13.27939375312006,101.43949353555276
139,"('Ko Chan', 'Chonburi')",13.417378017992023,101.33445367788929
140,"('Mueang Rayong', 'Rayong')",12.668361832867296,101.27434659867863
141,"('Ban Chang', 'Rayong')",12.728445397758485,101.06631315572749
142,"('Klaeng', 'Rayong')",12.790919820225184,101.63416274677144
143,"('Wang Chan', 'Rayong')",12.934898647401091,101.52014370128404
144,"('Ban Khai', 'Rayong')",12.7835591492463,101.2967236670506
145,"('Pluak Daeng', 'Rayong')",12.972255621943123,101.21566875017254
146,"('Khao Chamao', 'Rayong')",12.975520456732667,101.68502971616918
147,"('Nikhom Phatthana', 'Rayong')",12.831494252260589,101.20804154221683
148,"('Mueang Chanthaburi', 'Chanthaburi')",12.610554449205216,102.10463859472078
149,"('Khlung', 'Chanthaburi')",12.45494760934603,102.22151823015815
150,"('Tha Mai', 'Chanthaburi')",12.620689866086533,102.01026444735167
151,"('Pong Nam Ron', 'Chanthaburi')",12.905957309805649,102.26272392501556
152,"('Makham', 'Chanthaburi')",12.685556757893735,102.1967383558936
153,"('Laem Sing', 'Chanthaburi')",12.481590162365078,102.07366969293147
154,"('Soi Dao', 'Chanthaburi')",13.137206782969503,102.21870096114098
155,"('Kaeng Hang Maeo', 'Chanthaburi')",13.008427731735097,101.90557365089713
156,"('Na Yai Am', 'Chanthaburi')",12.77040378249188,101.85476473178988
157,"('Khao Khitchakut', 'Chanthaburi')",12.804373665985484,102.11488205430912
158,"('Mueang Trat', 'Trat')",12.231515364358405,102.51253348942004
159,"('Khlong Yai', 'Trat')",11.776373172587878,102.88591004419692
160,"('Khao Saming', 'Trat')",12.35374614063274,102.43505306416633
161,"('Bo Rai', 'Trat')",12.579459804537088,102.52507410436483
162,"('Laem Ngop', 'Trat')",12.171998612345533,102.39439760671348
163,"('Ko Kut', 'Trat')",11.658592993775894,102.54192836002194
164,"('Ko Chang', 'Trat')",12.103680098576262,102.35195917390683
165,"('Mueang Chachoengsao', 'Chachoengsao')",13.68864558771947,101.07080148283228
166,"('Bang Khla', 'Chachoengsao')",13.728021178696537,101.20797434720092
167,"('Bang Nam Priao', 'Chachoengsao')",13.847417207015644,101.05336953775804
168,"('Bang Pakong', 'Chachoengsao')",13.542791806827136,100.99396213556518
169,"('Ban Pho', 'Chachoengsao')",13.599799907219216,101.07850637481064
170,"('Phanom Sarakham', 'Chachoengsao')",13.744491372971442,101.34660803554904
171,"('Ratchasan', 'Chachoengsao')",13.782018355046386,101.28146903933484
172,"('Sanam Chai Khet', 'Chachoengsao')",13.658296503917612,101.4388328167952
173,"('Pleang Yao', 'Chachoengsao')",13.584513986185764,101.28413922975338
174,"('Tha Takiap', 'Chachoengsao')",13.544069876589958,101.64860050455898
175,"('Khlong Khuean', 'Chachoengsao')",13.791290841456012,101.16284193538264
176,"('Mueang Prachin Buri', 'Prachin Buri')",14.050683078756355,101.36639528579911
177,"('Kabin Buri', 'Prachin Buri')",13.946196280585234,101.71261292524716
178,"('Na Di', 'Prachin Buri')",14.10966022359922,101.78501332607684
179,"('Ban Sang', 'Prachin Buri')",13.994850020454288,101.22125359274938
180,"('Prachantakham', 'Prachin Buri')",14.064571037712753,101.51512456337616
181,"('Si Maha Phot', 'Prachin Buri')",13.9665328470621,101.5129330872785
182,"('Si Mahosot', 'Prachin Buri')",13.882578512106164,101.40695680073614
183,"('Mueang Nakhon Nayok', 'Nakhon Nayok')",14.203698232978631,101.21726173137662
184,"('Pak Phli', 'Nakhon Nayok')",14.163219546667214,101.26831869669849
185,"('Ban Na', 'Nakhon Nayok')",14.266742994854004,101.0613866355506
186,"('Ongkharak', 'Nakhon Nayok')",14.121524750638113,101.00363956152218
187,"('Mueang Sa Kaeo', 'Sa Kaeo')",13.814680991649814,102.07176553862412
188,"('Khlong Hat', 'Sa Kaeo')",13.448865688535273,102.29993997113463
189,"('Ta Phraya', 'Sa Kaeo')",14.005927914327993,102.80568978602508
190,"('Wang Nam Yen', 'Sa Kaeo')",13.499823118965072,102.18209573555863
191,"('Watthana Nakhon', 'Sa Kaeo')",13.74775485943896,102.30760517091215
192,"('Aranyaprathet', 'Sa Kaeo')",13.700763310912556,102.51171103202232
193,"('Khao Chakan', 'Sa Kaeo')",13.650616669087356,102.09672143919887
194,"('Khok Sung', 'Sa Kaeo')",13.832750791144646,102.61423713555897
195,"('Wang Sombun', 'Sa Kaeo')",13.39705092790461,102.19872179131396
196,"('Mueang Nakhon Ratchasima', 'Nakhon Ratchasima')",14.971228405899632,102.099628010185
197,"('Khon Buri', 'Nakhon Ratchasima')",14.52390967043978,102.24853902180368
198,"('Soeng Sang', 'Nakhon Ratchasima')",14.426223869933798,102.46043957155013
199,"('Khong', 'Nakhon Ratchasima')",15.441314691151108,102.32843171775136
200,"('Ban Lueam', 'Nakhon Ratchasima')",15.608250083118715,102.13039567984488
201,"('Chakkarat', 'Nakhon Ratchasima')",15.013324631561188,102.41327451834506
202,"('Chok Chai', 'Nakhon Ratchasima')",14.73232260112418,102.16332414624895
203,"('Dan Khun Thot', 'Nakhon Ratchasima')",15.209744629173333,101.76586537534926
204,"('Non Thai', 'Nakhon Ratchasima')",15.198471308296387,102.06994152925256
205,"('Non Sung', 'Nakhon Ratchasima')",15.179841961641118,102.25704674353231
206,"('Kham Sakaesaeng', 'Nakhon Ratchasima')",15.32955593210956,102.17087444899202
207,"('Bua Yai', 'Nakhon Ratchasima')",15.583278140308066,102.42301413621016
208,"('Prathai', 'Nakhon Ratchasima')",15.533534341061342,102.72268223420694
209,"('Pak Thong Chai', 'Nakhon Ratchasima')",14.719545360712551,102.02130137489516
210,"('Phimai', 'Nakhon Ratchasima')",15.220618762917432,102.485967745656
211,"('Huai Thalaeng', 'Nakhon Ratchasima')",14.99718945643116,102.6389302594888
212,"('Chum Phuang', 'Nakhon Ratchasima')",15.34884987306683,102.74185641344016
213,"('Sung Noen', 'Nakhon Ratchasima')",14.899045823432228,101.82063985328404
214,"('Kham Thale So', 'Nakhon Ratchasima')",14.96076346012194,101.947598187972
215,"('Si Khio', 'Nakhon Ratchasima')",14.89247411588234,101.7231906177229
216,"('Pak Chong', 'Nakhon Ratchasima')",14.712405147995034,101.42187077858492
217,"('Nong Bunmak', 'Nakhon Ratchasima')",14.739520711470384,102.36647166497508
218,"('Kaeng Sanam Nang', 'Nakhon Ratchasima')",15.749726658859126,102.25470691342542
219,"('Non Daeng', 'Nakhon Ratchasima')",15.410941249372447,102.54035411044292
220,"('Wang Nam Khiao', 'Nakhon Ratchasima')",14.41783695411292,101.8502801247863
221,"('Thepharak', 'Nakhon Ratchasima')",15.309458096169331,101.55104432847098
222,"('Mueang Yang', 'Nakhon Ratchasima')",15.423823028908515,102.90082216279563
223,"('Phra Thong Kham', 'Nakhon Ratchasima')",15.306661630221356,101.98164298962551
224,"('Lamtaman Chai', 'Nakhon Ratchasima')",15.352848289124893,102.91746264226322
225,"('Bua Lai', 'Nakhon Ratchasima')",15.662575308618592,102.5268718041768
226,"('Sida', 'Nakhon Ratchasima')",15.542395733134894,102.56597760866444
227,"('Mueang Buri Ram', 'Buri Ram')",14.994052714448165,103.10437310377708
228,"('Khu Mueang', 'Buri Ram')",15.271392074996577,103.0014794710881
229,"('Krasang', 'Buri Ram')",14.922685516480245,103.30181131750489
230,"('Nang Rong', 'Buri Ram')",14.628659876099178,102.79321857378255
231,"('Nong Ki', 'Buri Ram')",14.687971500830006,102.533782981046
232,"('Lahan Sai', 'Buri Ram')",14.412240875934272,102.85953186245165
233,"('Prakhon Chai', 'Buri Ram')",14.605996219998676,103.12109208922702
234,"('Ban Kruat', 'Buri Ram')",14.421212975910498,103.0991560893236
235,"('Phutthaisong', 'Buri Ram')",15.5489806271698,103.02459955270253
236,"('Lam Plai Mat', 'Buri Ram')",15.02545256706907,102.8386904557498
237,"('Satuek', 'Buri Ram')",15.2975010080411,103.29173801391224
238,"('Pakham', 'Buri Ram')",14.438433364901735,102.7255577287262
239,"('Na Pho', 'Buri Ram')",15.644524040195703,102.95149694224033
240,"('Nong Hong', 'Buri Ram')",14.850283149514205,102.68788452752054
241,"('Phlapphla Chai', 'Buri Ram')",14.729983174412649,103.16718820490551
242,"('Huai Rat', 'Buri Ram')",14.960547929416942,103.1889396518237
243,"('Non Din Daeng', 'Buri Ram')",14.57772631782746,102.59897443646796
244,"('Chamni', 'Buri Ram')",14.78829249773925,102.8424022553973
245,"('Ban Mai Chaiyaphot', 'Buri Ram')",15.57259421418616,102.8329059046784
246,"('Non Din Daeng', 'Buri Ram')",14.315894590935404,102.74357430277831
247,"('Ban Dan', 'Buri Ram')",15.107346939980385,103.1746538881074
248,"('Khaen Dong', 'Buri Ram')",15.30998728117148,103.12326374152276
249,"('Chaloem Phra Kiet', 'Nakhon Ratchasima')",15.004871756303812,102.27193723853549
250,"('Chaloem Phra Kiet', 'Nakhon Si Thammarat')",8.17707587034646,100.0357981268808
251,"('Chaloem Phra Kiet', 'Nan')",19.58014831906712,101.08157278276336
252,"('Chaloem Phra Kiet', 'Buri Ram')",14.560683069376523,102.9269975484152
253,"('Chaloem Phra Kiet', 'Saraburi')",14.611471636469345,100.90837243230794
254,"('Mueang Surin', 'Surin')",14.882281392030134,103.49231034025615
255,"('Chumphon Buri', 'Surin')",15.350726865159364,103.38878033556092
256,"('Tha Tum', 'Surin')",15.318649422497176,103.675238102312
257,"('Chom Phra', 'Surin')",15.117501767623162,103.61125529150638
258,"('Prasat', 'Surin')",14.640525552898955,103.4048160486297
259,"('Kap Choeng', 'Surin')",14.474926956412183,103.5943234524926
260,"('Rattanaburi', 'Surin')",15.320269732826512,103.85704993499486
261,"('Sanom', 'Surin')",15.198582525393588,103.7618101213335
262,"('Sikhoraphum', 'Surin')",14.946747667467283,103.7917306862577
263,"('Sangkha', 'Surin')",14.636057271025203,103.85293271342252
264,"('Lamduan', 'Surin')",14.727114908391211,103.67556489956704
265,"('Samrong Thap', 'Surin')",15.02282274101738,103.936083197316
266,"('Buachet', 'Surin')",14.527919347647734,103.9457075172521
267,"('Phanom Dong Rak', 'Surin')",14.445668227631424,103.30466596267068
268,"('Si Narong', 'Surin')",14.767171222836538,103.8749624659013
269,"('Khwao Sinarin', 'Surin')",15.00230328310334,103.59636146510704
270,"('Non Narai', 'Surin')",15.238270868494537,103.91305306719131
271,"('Mueang Si Sa Ket', 'Si Sa Ket')",15.120800307828492,104.32236042405096
272,"('Yang Chum Noi', 'Si Sa Ket')",15.261755255137796,104.40101128249783
273,"('Kanthararom', 'Si Sa Ket')",15.106203222821838,104.57029452444496
274,"('Kantharalak', 'Si Sa Ket')",14.641337232381757,104.6511443278843
275,"('Khukhan', 'Si Sa Ket')",14.71366435883856,104.19839802583014
276,"('Phrai Bueng', 'Si Sa Ket')",14.748230378131067,104.3625669238966
277,"('Prang Ku', 'Si Sa Ket')",14.8574415057693,104.03928428390232
278,"('Khun Han', 'Si Sa Ket')",14.617169293835785,104.4246243948978
279,"('Rasi Salai', 'Si Sa Ket')",15.340377725420344,104.15383067212537
280,"('Uthumphon Phisai', 'Si Sa Ket')",15.111069739267547,104.1399060512133
281,"('Bueng Bun', 'Si Sa Ket')",15.330261900135715,104.04483997566696
282,"('Huai Thap Than', 'Si Sa Ket')",15.051003564763487,104.02328172633555
283,"('Non Khun', 'Si Sa Ket')",14.92808499998356,104.68906590672842
284,"('Si Rattana', 'Si Sa Ket')",14.793245842997344,104.4697070009384
285,"('Nam Kliang', 'Si Sa Ket')",14.927185825366168,104.51312675498522
286,"('Wang Hin', 'Si Sa Ket')",14.947890622911013,104.23076552640173
287,"('Phu Sing', 'Si Sa Ket')",14.54652479104118,104.13157701756768
288,"('Mueang Chan', 'Si Sa Ket')",15.19133083017589,104.05251531792372
289,"('Benchalak', 'Si Sa Ket')",14.795725580706192,104.67013411485422
290,"('Phayu', 'Si Sa Ket')",14.903908044222238,104.3919993774263
291,"('Pho Si Suwan', 'Si Sa Ket')",15.23114614770203,104.07630039244394
292,"('Sila Lat', 'Si Sa Ket')",15.47291546382836,104.0714848637793
293,"('Mueang Ubon Ratchathani', 'Ubon Ratchathani')",15.228788619022716,104.85424213563218
294,"('Si Mueang Mai', 'Ubon Ratchathani')",15.495008930549496,105.27854075575095
295,"('Khong Chiam', 'Ubon Ratchathani')",15.318714722032444,105.49565410188258
296,"('Khueang Nai', 'Ubon Ratchathani')",15.389575738522236,104.5512860523651
297,"('Khemarat', 'Ubon Ratchathani')",16.041048240982605,105.20648553085424
298,"('Det Udom', 'Ubon Ratchathani')",14.903063108364908,105.07618184224324
299,"('Na Chaluai', 'Ubon Ratchathani')",14.521370334749484,105.24593577110224
300,"('Nam Yuen', 'Ubon Ratchathani')",14.488976211826149,105.00077512736593
301,"('Boontharik', 'Ubon Ratchathani')",14.755244087500785,105.41187908640774
302,"('Trakan Phuet Phon', 'Ubon Ratchathani')",15.612146166474387,105.02182828640709
303,"('Kut Khaopun', 'Ubon Ratchathani')",15.791548685847152,104.9966094710858
304,"('Muang Sam Sip', 'Ubon Ratchathani')",15.510421379786004,104.72619941375764
305,"('Warin Chamrap', 'Ubon Ratchathani')",15.202145930085768,104.86741311522138
306,"('Phibun Mangsahan', 'Ubon Ratchathani')",15.244339175638157,105.22900747100944
307,"('Tan Sum', 'Ubon Ratchathani')",15.314583800388284,105.15498064066531
308,"('Pho Sai', 'Ubon Ratchathani')",15.825740218455389,105.2608094463526
309,"('Samrong', 'Ubon Ratchathani')",15.008296895704744,104.78451852504892
310,"('Don Mot Daeng', 'Ubon Ratchathani')",15.378861804286606,105.0271812744026
311,"('Sirindhorn', 'Ubon Ratchathani')",15.201570346551122,105.39813040664458
312,"('Thung Si Udom', 'Ubon Ratchathani')",14.73330571449927,104.90928567453574
313,"('Na Yia', 'Ubon Ratchathani')",15.059660440531616,105.05990092507714
314,"('Na Tan', 'Ubon Ratchathani')",15.904948011035076,105.27649271859984
315,"('Lao Suea Kok', 'Ubon Ratchathani')",15.406723227434725,104.923612888191
316,"('Sawang Wirawong', 'Ubon Ratchathani')",15.24152219470635,105.09210580702968
317,"('Nam Khun', 'Ubon Ratchathani')",14.583872620676315,104.92521994669497
318,"('Mueang Yasothon', 'Yasothon')",15.794913154358296,104.14106832552726
319,"('Sai Mun', 'Yasothon')",15.93968687244468,104.20872463555015
320,"('Kut Chum', 'Yasothon')",16.032819346469893,104.33856131234234
321,"('Kham Khuean Kaeo', 'Yasothon')",15.652889022443675,104.30876711506085
322,"('Pa Tio', 'Yasothon')",15.831342138344864,104.38551034429092
323,"('Maha Chana Chai', 'Yasothon')",15.53247443181377,104.2424645332117
324,"('Kho Wang', 'Yasothon')",15.367671683610611,104.3577867810238
325,"('Loeng Nok Tha', 'Yasothon')",16.207833891283876,104.55497247789016
326,"('Thai Charoen', 'Yasothon')",16.063198915166573,104.44727308459936
327,"('Mueang Chaiyaphum', 'Chaiyaphum')",15.809781485736533,102.02033377050536
328,"('Ban Khwao', 'Chaiyaphum')",15.778334283794903,101.9070222217078
329,"('Khon Sawan', 'Chaiyaphum')",15.931555834516104,102.28118371823965
330,"('Kaset Sombun', 'Chaiyaphum')",16.28032577618898,101.9539288749888
331,"('Nong Bua Daeng', 'Chaiyaphum')",16.081613966033075,101.80247674534564
332,"('Chatturat', 'Chaiyaphum')",15.565579475600195,101.84535767491673
333,"('Bamnet Narong', 'Chaiyaphum')",15.500152458978487,101.68631497804732
334,"('Nong Bua Rawe', 'Chaiyaphum')",15.748656363036124,101.75927734904135
335,"('Thep Sathit', 'Chaiyaphum')",15.392981627997282,101.45110670671998
336,"('Phu Khiao', 'Chaiyaphum')",16.377153931610064,102.12867721901824
337,"('Ban Thaen', 'Chaiyaphum')",16.405160589678573,102.34207585458132
338,"('Kaeng Khro', 'Chaiyaphum')",16.108462946192542,102.25806906439708
339,"('Khon San', 'Chaiyaphum')",16.613829550390115,101.91972859577795
340,"('Phakdi Chumphon', 'Chaiyaphum')",15.904564344320002,101.42148730056888
341,"('Noen Sa-nga', 'Chaiyaphum')",15.564056941046012,102.00183410922186
342,"('Sap Yai', 'Chaiyaphum')",15.64192889723741,101.62955192880756
343,"('Mueang Amnat Charoen', 'Amnat Charoen')",15.858362365704672,104.6292934115028
344,"('Chanuman', 'Amnat Charoen')",16.233505391409377,105.00061290970748
345,"('Pathum Ratchawongsa', 'Amnat Charoen')",15.892361450362804,104.90570859803664
346,"('Phana', 'Amnat Charoen')",15.682104435243655,104.84635306708331
347,"('Senangkhanikhom', 'Amnat Charoen')",16.039679977374963,104.66934188624576
348,"('Hua Taphan', 'Amnat Charoen')",15.697011126657326,104.49160354154284
349,"('Lue Amnat', 'Amnat Charoen')",15.701608616520453,104.6447156969919
350,"('Bueng Kan', 'Bueng Kan')",18.358165680264044,103.65291523513594
351,"('Phon Charoen', 'Bueng Kan')",18.031371200939898,103.70894657106756
352,"('So Phisai', 'Bueng Kan')",18.07762360003581,103.44301306171064
353,"('Seka', 'Bueng Kan')",17.928323185596295,103.95329379751396
354,"('Pak Khat', 'Bueng Kan')",18.298091920478623,103.30538042685968
355,"('Bueng Khong Long', 'Bueng Kan')",17.967108099281273,104.04440461617924
356,"('Si Wilai', 'Bueng Kan')",18.17731966870667,103.75009884544414
357,"('Bung Khla', 'Bueng Kan')",18.302004631881324,103.97406841246712
358,"('Mueang Nong Bua Lam Phu', 'Nong Bua Lamphu')",17.204074692347852,102.44448307636242
359,"('Na Klang', 'Nong Bua Lamphu')",17.307222312325763,102.18875179210552
360,"('Non Sang', 'Nong Bua Lamphu')",16.866096490025033,102.57204662611524
361,"('Si Bun Rueang', 'Nong Bua Lamphu')",16.965892262633822,102.27948295248224
362,"('Suwannakhuha', 'Nong Bua Lamphu')",17.562976308799062,102.27993935504136
363,"('Na Wang', 'Nong Bua Lamphu')",17.323003103390402,102.07280423024864
364,"('Mueang Khon Kaen', 'Khon Kaen')",16.43865994428428,102.83921294592125
365,"('Ban Fang', 'Khon Kaen')",16.45312386572681,102.63834976439526
366,"('Phra Yuen', 'Khon Kaen')",16.32399151690055,102.64852405130186
367,"('Nong Ruea', 'Khon Kaen')",16.4932176199975,102.4332543444999
368,"('Chum Phae', 'Khon Kaen')",16.54427809999829,102.09954100671575
369,"('Si Chomphu', 'Khon Kaen')",16.800011913377805,102.18789294967566
370,"('Nam Phong', 'Khon Kaen')",16.70183253011191,102.85649793157243
371,"('Ubolratana', 'Khon Kaen')",16.752896947921656,102.63291168143336
372,"('Kranuan', 'Khon Kaen')",16.706322461992897,103.07884237788149
373,"('Ban Phai', 'Khon Kaen')",16.059736841424005,102.73104906883604
374,"('Pueai Noi', 'Khon Kaen')",15.871565620926086,102.90552539308143
375,"('Phon', 'Khon Kaen')",15.815968916717734,102.59877526133548
376,"('Waeng Yai', 'Khon Kaen')",15.959653457639076,102.5478166644033
377,"('Waeng Noi', 'Khon Kaen')",15.803674638347102,102.41590700672276
378,"('Nong Song Hong', 'Khon Kaen')",15.73348514401534,102.79543380672582
379,"('Phu Wiang', 'Khon Kaen')",16.654477653118366,102.37692255372478
380,"('Mancha Khiri', 'Khon Kaen')",16.12678294666457,102.54222999322624
381,"('Chonnabot', 'Khon Kaen')",16.088352774389534,102.62183873874264
382,"('Khao Suan Kwang', 'Khon Kaen')",16.859295556584645,102.86079776578924
383,"('Phu Phaman', 'Khon Kaen')",16.64516811889137,101.903915706719
384,"('Sam Sung', 'Khon Kaen')",16.542908857626646,103.07983763555258
385,"('Khok Pho Chai', 'Khon Kaen')",16.083872382233945,102.39893953554682
386,"('Nong Na Kham', 'Khon Kaen')",16.800912442494674,102.34132328247428
387,"('Ban Haet', 'Khon Kaen')",16.202394351339397,102.75057286439292
388,"('Non Sila', 'Khon Kaen')",15.973802109664463,102.66907723794296
389,"('Wiang Kao', 'Khon Kaen')",16.68210830856427,102.2936593903998
390,"('Mueang Udon Thani', 'Udon Thani')",17.415351422543317,102.7861218747693
391,"('Kut Chap', 'Udon Thani')",17.425477361808504,102.56681856462365
392,"('Nong Wua So', 'Udon Thani')",17.162314776655986,102.57286055756462
393,"('Kumphawapi', 'Udon Thani')",17.113838142025802,103.01868845759752
394,"('Non Sa-at', 'Udon Thani')",16.978680307472143,102.89387340416911
395,"('Nong Saeng', 'Udon Thani')",17.360552325885784,103.10557711005416
396,"('Thung Fon', 'Udon Thani')",17.471423152144492,103.26021372614426
397,"('Chai Wan', 'Udon Thani')",17.285224634519082,103.22236289064884
398,"('Si That', 'Udon Thani')",16.97299375041126,103.21682894671784
399,"('Wang Sam Mo', 'Udon Thani')",16.95005560146508,103.4283181165178
400,"('Ban Dung', 'Udon Thani')",17.7010064971186,103.25958437106584
401,"('Ban Phue', 'Udon Thani')",17.687629967498697,102.47285057104231
402,"('Nam Som', 'Udon Thani')",17.77048325924175,102.18961632689262
403,"('Phen', 'Udon Thani')",17.69521397425958,102.90726891341662
404,"('Sang Khom', 'Udon Thani')",17.825113147670216,103.08888063314316
405,"('Nong Saeng', 'Udon Thani')",17.168679481439895,102.78191829863586
406,"('Na Yung', 'Udon Thani')",17.897748014420756,102.14989126126594
407,"('Phibun Rak', 'Udon Thani')",17.54927501473593,103.05767659989309
408,"('Ku Kaeo', 'Udon Thani')",17.172141873568215,103.1530339864359
409,"('Prachaksinlapakhom', 'Udon Thani')",17.27272682248014,102.99397214222888
410,"('Mueang Loei', 'Loei')",17.487928071263948,101.71938370695108
411,"('Na Duang', 'Loei')",17.479199607533584,101.9706108131724
412,"('Chiang Khan', 'Loei')",17.898204884653897,101.66625785293112
413,"('Pak Chom', 'Loei')",18.022663593943022,101.88747434905665
414,"('Dan Sai', 'Loei')",17.280041633104478,101.14669545175128
415,"('Na Haeo', 'Loei')",17.48551066277508,101.06847696491454
416,"('Phu Ruea', 'Loei')",17.455035712909734,101.36281318874032
417,"('Tha Li', 'Loei')",17.62451390114584,101.42137480670154
418,"('Wang Saphung', 'Loei')",17.30021826788245,101.76854567730273
419,"('Phu Kradueng', 'Loei')",16.884161099978062,101.88472698642704
420,"('Phu Luang', 'Loei')",17.139667331881654,101.66427855773178
421,"('Pha  Khao', 'Loei')",17.066940118252496,102.02709712279972
422,"('Erawan', 'Loei')",17.30989462796628,101.940059601285
423,"('Nong Hin', 'Loei')",17.12761093669126,101.85078627199304
424,"('Mueang Nong Khai', 'Nong Khai')",17.88015809206796,102.74026809189968
425,"('Tha Bo', 'Nong Khai')",17.84969564334316,102.58120431709033
426,"('Phon Phisai', 'Nong Khai')",18.021846270445383,103.0770702289075
427,"('Si Chiang Mai', 'Nong Khai')",17.956302406232187,102.58953104220627
428,"('Sangkhom', 'Nong Khai')",18.063987311369456,102.27341505753448
429,"('Sakhrai', 'Nong Khai')",17.67519474719052,102.750622664078
430,"('Fao Rai', 'Nong Khai')",18.01891821603945,103.3036895390304
431,"('Rattanawapi', 'Nong Khai')",18.220251711017287,103.1803629009705
432,"('Pho Tak', 'Nong Khai')",17.877291706144597,102.40950390884358
433,"('Mueang Maha Sarakham', 'Maha Sarakham')",16.184124348151716,103.30162298457404
434,"('Kae Dam', 'Maha Sarakham')",16.024189384928672,103.3849613996097
435,"('Kosum Phisai', 'Maha Sarakham')",16.24860124197507,103.06699038852534
436,"('Kantharawichai', 'Maha Sarakham')",16.322911545218965,103.29686720030348
437,"('Chiang Yuen', 'Maha Sarakham')",16.408069642659324,103.10522049784778
438,"('Borabue', 'Maha Sarakham')",16.038506433130422,103.11891129988126
439,"('Na Chueak', 'Maha Sarakham')",15.799004020596728,103.03109504222098
440,"('Phayakkhaphum Phisai', 'Maha Sarakham')",15.51610904455523,103.19378024593516
441,"('Wapi Pathum', 'Maha Sarakham')",15.845860181213908,103.37950739391252
442,"('Na Dun', 'Maha Sarakham')",15.713947003192208,103.22676232687908
443,"('Yang Sisurat', 'Maha Sarakham')",15.683373307263002,103.1033585408902
444,"('Kut Rang', 'Maha Sarakham')",16.05096040733491,102.99380693511796
445,"('Chuen Chom', 'Maha Sarakham')",16.53122457940462,103.17172822393832
446,"('Mueang Roi Et', 'Roi Et')",16.05317435523184,103.65466612874908
447,"('Kaset Wisai', 'Roi Et')",15.656904472659903,103.57994057146176
448,"('Pathum Rat', 'Roi Et')",15.634487435498038,103.3428291379186
449,"('Chaturaphak Phiman', 'Roi Et')",15.84599867178266,103.55690841337076
450,"('Thawat Buri', 'Roi Et')",16.03889254514243,103.7470986377779
451,"('Phanom Phrai', 'Roi Et')",15.678136367497688,104.11013425329736
452,"('Phon Thong', 'Roi Et')",16.300112420097676,103.97823642797955
453,"('Pho Chai', 'Roi Et')",16.323495716842988,103.76908616101822
454,"('Nong Phok', 'Roi Et')",16.309821122927644,104.20302374413552
455,"('Selaphum', 'Roi Et')",16.03326834421883,103.93380497788736
456,"('Suwannaphum', 'Roi Et')",15.608718733888503,103.79990232876204
457,"('Mueang Suang', 'Roi Et')",15.82346251654798,103.71761940670434
458,"('Phon Sai', 'Roi Et')",15.488179393486526,103.9957922839166
459,"('At Samat', 'Roi Et')",15.843517403121968,103.87893829322866
460,"('Moei Wadi', 'Roi Et')",16.389204625118527,104.15730632021696
461,"('Si Somdet', 'Roi Et')",15.998237657024124,103.48783758024432
462,"('Changhan', 'Roi Et')",16.139103413117137,103.61496143741417
463,"('Chiang Khwan', 'Roi Et')",16.165718198551943,103.7518734085599
464,"('Nong Hi', 'Roi Et')",15.61030262783168,103.9904419768837
465,"('Thung Khao Luang', 'Roi Et')",15.992177588170655,103.8592100583681
466,"('Mueang Kalasin', 'Kalasin')",16.442973154963248,103.534162106726
467,"('Na Mon', 'Kalasin')",16.575307366323827,103.78671824430371
468,"('Kamalasai', 'Kalasin')",16.33872396029222,103.57524274678777
469,"('Rong Kham', 'Kalasin')",16.26654001435999,103.7404735429607
470,"('Kuchinarai', 'Kalasin')",16.53714036195696,104.0545278621071
471,"('Khao Wong', 'Kalasin')",16.698949685282944,104.09026521424326
472,"('Yang Talat', 'Kalasin')",16.401941863490826,103.37315002802606
473,"('Huai Mek', 'Kalasin')",16.590242004514444,103.235477005805
474,"('Sahatsakhan', 'Kalasin')",16.711980737828213,103.5199535355484
475,"('Kham Muang', 'Kalasin')",16.922153839276657,103.6314086508996
476,"('Tha Khantho', 'Kalasin')",16.939970568332946,103.24449189152752
477,"('Nong Kung Si', 'Kalasin')",16.65582733202319,103.29400183056624
478,"('Somdet', 'Kalasin')",16.704395194461927,103.74976191199094
479,"('Huai Phueng', 'Kalasin')",16.6459444811615,103.90872893555462
480,"('Sam Chai', 'Kalasin')",16.863178029688243,103.5372491999296
481,"('Na Khu', 'Kalasin')",16.77903033897658,104.03322205974554
482,"('Don Chan', 'Kalasin')",16.45660449638548,103.6948029314696
483,"('Khong Chai', 'Kalasin')",16.260472708966073,103.458050754845
484,"('Mueang Sakon Nakhon', 'Sakon Nakhon')",17.15574769935692,104.13394938319664
485,"('Kusuman', 'Sakon Nakhon')",17.330842194301116,104.3336341305526
486,"('Kut Bak', 'Sakon Nakhon')",17.087944290347654,103.82288972399972
487,"('Phanna Nikhom', 'Sakon Nakhon')",17.35165318405609,103.84689823269896
488,"('Phanh khon', 'Sakon Nakhon')",17.392397799158584,103.70943020367775
489,"('Waritchaphum', 'Sakon Nakhon')",17.29305164724939,103.63636230030356
490,"('Nikhom Nam un', 'Sakon Nakhon')",17.18281207504309,103.71785452021764
491,"('Wanon Niwat', 'Sakon Nakhon')",17.632083612733148,103.7518125825536
492,"('Kham Ta Kla', 'Sakon Nakhon')",17.8493003442244,103.75473672963372
493,"('Ban Muang', 'Sakon Nakhon')",17.850984090388636,103.57004738821936
494,"('Akat Amnuai', 'Sakon Nakhon')",17.596338495660564,103.97368235432006
495,"('Sawang Daen Din', 'Sakon Nakhon')",17.475415709753072,103.45759280689413
496,"('Song Dao', 'Sakon Nakhon')",17.336379180205213,103.47575550929292
497,"('Tao Ngoi', 'Sakon Nakhon')",16.996961021587843,104.16772481831096
498,"('Khok Si Suphan', 'Sakon Nakhon')",17.04370784409524,104.27302457788018
499,"('Charoen Sin', 'Sakon Nakhon')",17.596561559724865,103.5654072136756
500,"('Phon Na Kaeo', 'Sakon Nakhon')",17.221259718005324,104.28982178182405
501,"('Phu Phan', 'Sakon Nakhon')",16.999897697788988,103.96547367196848
502,"('Mueang Nakhon Phanom', 'Nakhon Phanom')",17.367222906015055,104.76078973161204
503,"('Pla Pak', 'Nakhon Phanom')",17.180583551577215,104.52613087649156
504,"('Tha Uthen', 'Nakhon Phanom')",17.556860610089167,104.6123793653115
505,"('Ban Phaeng', 'Nakhon Phanom')",17.968144555063233,104.21578831919057
506,"('That Phanom', 'Nakhon Phanom')",16.936349017356804,104.70955754789712
507,"('Renu Nakhon', 'Nakhon Phanom')",17.056293467897245,104.67976170119316
508,"('Na Kae', 'Nakhon Phanom')",16.946530733342982,104.5008062082828
509,"('Si Songkhram', 'Nakhon Phanom')",17.627133271243146,104.2503458589786
510,"('Na Wa', 'Nakhon Phanom')",17.489266353683053,104.1014080586864
511,"('Phon Sawan', 'Nakhon Phanom')",17.45602123472888,104.46880368097156
512,"('Na Thom', 'Nakhon Phanom')",17.785315108301166,104.09060878693528
513,"('Wang Yang', 'Nakhon Phanom')",17.06389930674837,104.45394551340593
514,"('Mueang Mukdahan', 'Mukdahan')",16.538160701989515,104.7148482743259
515,"('Nikhom Kham Soi', 'Mukdahan')",16.37188196286953,104.55066408078014
516,"('Don Tan', 'Mukdahan')",16.316568851629654,104.92015990672547
517,"('Don Tan', 'Mukdahan')",16.81546272929609,104.5372612755469
518,"('Khamcha-i', 'Mukdahan')",16.577188641432066,104.41940039689572
519,"('Wan Yai', 'Mukdahan')",16.727654032393467,104.73891673556658
520,"('Nong Sung', 'Mukdahan')",16.486839007003226,104.34416108455704
521,"('Mueang Chiang Mai', 'Chiang Mai')",18.836231071317638,98.97209817064036
522,"('Chom Thong', 'Chiang Mai')",18.41682940922449,98.67599285703535
523,"('Mae Chaem', 'Chiang Mai')",18.498981117858317,98.3621145762992
524,"('Chiang Dao', 'Chiang Mai')",19.366154403743558,98.96396157406592
525,"('Doi Saket', 'Chiang Mai')",18.870856879484304,99.13637957986424
526,"('Mae Taeng', 'Chiang Mai')",19.122009242931316,98.94345536391371
527,"('Mae Rim', 'Chiang Mai')",18.91408686908599,98.94488836085308
528,"('Samoeng', 'Chiang Mai')",18.84844967908536,98.7320689434859
529,"('Fang', 'Chiang Mai')",19.91885295044592,99.21336302150506
530,"('Mae Ai', 'Chiang Mai')",20.03109024036224,99.28698414229576
531,"('Phrao', 'Chiang Mai')",19.36566883370072,99.20222477349878
532,"('San Pa Tong', 'Chiang Mai')",18.62853525957828,98.89572036880732
533,"('San Kamphaeng', 'Chiang Mai')",18.738766455521716,99.15674537113316
534,"('San Sai', 'Chiang Mai')",18.84864061622723,99.04506003555052
535,"('Hang Dong', 'Chiang Mai')",18.686729214832106,98.91896918042748
536,"('Hot', 'Chiang Mai')",18.68672788193913,98.9189872504858
537,"('Doi Tao', 'Chiang Mai')",17.953534811966865,98.68489671721564
538,"('Omkoi', 'Chiang Mai')",17.800841937325014,98.35797247820932
539,"('Saraphi', 'Chiang Mai')",18.713413605338868,99.03649192136427
540,"('Wiang Haeng', 'Chiang Mai')",19.561368738463724,98.63729652535775
541,"('Chai Prakan', 'Chiang Mai')",19.732181241756003,99.14013056993264
542,"('Mae Wang', 'Chiang Mai')",18.61247401613544,98.77494273556366
543,"('Mae On', 'Chiang Mai')",18.77628902413593,99.24802801012042
544,"('Doi Lo', 'Chiang Mai')",18.47444446781144,98.78357020460594
545,"('Kanlayaniwatthana', 'Chiang Mai')",19.046440826719586,98.28568649224432
546,"('Mueang Lamphun', 'Lamphun')",18.578047075584998,99.018392671074
547,"('Mae Tha', 'Lamphun')",18.46173881026691,99.1343274253364
548,"('Ban Hong', 'Lamphun')",18.33122400638468,98.81882626965492
549,"('Li', 'Lamphun')",17.80270468435376,98.95057387596448
550,"('Thung Hua Chang', 'Lamphun')",18.002917201760937,99.02770738458756
551,"('Pa Sang', 'Lamphun')",18.52547175932861,98.9400480422597
552,"('Ban Thi', 'Lamphun')",18.6321466999158,99.11659888627744
553,"('Wiang Nong Long', 'Lamphun')",18.39323259613366,98.71857440378244
554,"('Mueang Lampang', 'Lampang')",18.29185973088526,99.50464307539563
555,"('Mae Mo', 'Lampang')",18.275521750113487,99.65058784864311
556,"('Ko kha', 'Lampang')",18.19167566506604,99.395458061057
557,"('Soem Ngam', 'Lampang')",18.06551768602668,99.24637551718874
558,"('Ngao', 'Lampang')",18.77796092110379,99.97088937109046
559,"('Chae Hom', 'Lampang')",18.71253603040628,99.55736068748114
560,"('Wang Nuea', 'Lampang')",19.14581153418077,99.61932244450472
561,"('Thoen', 'Lampang')",17.640633185114307,99.2416192787459
562,"('Mae Phrik', 'Lampang')",17.446289452387916,99.15958296407072
563,"('Mae Tha', 'Lampang')",18.13412572022216,99.51330192178033
564,"('Sop Prap', 'Lampang')",17.880865619347855,99.33732955823184
565,"('Hang Chat', 'Lampang')",18.321569304268603,99.31760513920268
566,"('Mueang Pan', 'Lampang')",18.77012030144111,99.49808051584712
567,"('Mueang Uttaradit', 'Uttaradit')",17.625797612738115,100.09684779870392
568,"('Tron', 'Uttaradit')",17.482260581950044,100.11275540172385
569,"('Tha Pla', 'Uttaradit')",17.792945818253447,100.37682256229805
570,"('Nam Pat', 'Uttaradit')",17.72821089191351,100.68454085592757
571,"('Fak Tha', 'Uttaradit')",17.99213475236057,100.8789498116572
572,"('Ban Khok', 'Uttaradit')",18.02551279885489,101.06787497109988
573,"('Phichai', 'Uttaradit')",17.287041899986303,100.08749642876737
574,"('Laplae', 'Uttaradit')",17.651357406847197,100.03903690962848
575,"('Thong Saen Khan', 'Uttaradit')",17.475135083143954,100.33340398456646
576,"('Mueang Phrae', 'Phrae')",18.1454339582044,100.14136421413036
577,"('Mueang Phrae', 'Phrae')",18.339747292162567,100.31737600464848
578,"('Long', 'Phrae')",18.075644998939605,99.83235357598248
579,"('Sung Men', 'Phrae')",18.051985722266064,100.11161093462314
580,"('Den Chai', 'Phrae')",17.97857950880672,100.05834322739396
581,"('Song', 'Phrae')",18.470027732110587,100.18338953232004
582,"('Wang Chin', 'Phrae')",17.89474042713648,99.60390580929902
583,"('Nong Muang Khai', 'Phrae')",18.26465048783612,100.18962646798758
584,"('Mueang Nan', 'Nan')",18.79365572157103,100.72946528458644
585,"('Mae Charim', 'Nan')",18.706155394749207,101.0062370133908
586,"('Ban Luang', 'Nan')",18.851352840242512,100.43841179344126
587,"('Na Noi', 'Nan')",18.32573695384334,100.7146203623908
588,"('Pua', 'Nan')",19.17409686246692,100.91664580724805
589,"('Tha Wang Pha', 'Nan')",19.12171443155322,100.81078864225798
590,"('Wiang Sa', 'Nan')",18.598102847130576,100.7401006845518
591,"('Thung Chang', 'Nan')",19.387154221650547,100.8758261710664
592,"('Chiang Klang', 'Nan')",19.292721463148727,100.86148059991778
593,"('Na Muen', 'Nan')",18.189258444530868,100.65874365963676
594,"('Santi Suk', 'Nan')",18.913226409200995,100.94056235199048
595,"('Bo Kluea', 'Nan')",19.148793675637293,101.15766734357996
596,"('Song Khwae', 'Nan')",19.35964029814963,100.70050524396416
597,"('Phu Phiang', 'Nan')",18.74265727434837,100.79918755669128
598,"('Mueang Phayao', 'Phayao')",19.19181328013524,99.87854495081588
599,"('Mueang Phayao', 'Phayao')",19.33701446115844,100.13481859747452
600,"('Mueang Phayao', 'Phayao')",19.52416442820474,100.30154108108268
601,"('Mueang Phayao', 'Phayao')",18.886572700773016,100.3038127827576
602,"('Mueang Phayao', 'Phayao')",19.1623506964588,99.99341333650835
603,"('Mueang Phayao', 'Phayao')",19.14915793575853,100.27501917383458
604,"('Mueang Phayao', 'Phayao')",19.3762921519297,99.78768639031982
605,"('Mueang Phayao', 'Phayao')",19.599018115296875,100.32418028338196
606,"('Mueang Phayao', 'Phayao')",19.599031243119985,100.32418366139828
607,"('Mueang Chiang Rai', 'Chiang Rai')",19.92887791587801,99.8644272067278
608,"('Wiang Chai', 'Chiang Rai')",19.88335202818794,99.93288996540733
609,"('Chiang Khong', 'Chiang Rai')",20.26098918417756,100.4060912842285
610,"('Thoeng', 'Chiang Rai')",19.685431449083147,100.19367620671235
611,"('Phan', 'Chiang Rai')",19.55388342175084,99.74041952021147
612,"('Pa Daet', 'Chiang Rai')",19.50411610318775,99.99212081808496
613,"('Mae Chan', 'Chiang Rai')",20.14630861215064,99.85253584216244
614,"('Chiang Saen', 'Chiang Rai')",20.274858730728187,100.08778524729104
615,"('Mae Sai', 'Chiang Rai')",20.42812846320165,99.88318434198628
616,"('Mae Suai', 'Chiang Rai')",19.65649836268194,99.5423820760323
617,"('Wiang Pa Pao', 'Chiang Rai')",19.34763860653743,99.50770232679372
618,"('Phaya Mengrai', 'Chiang Rai')",19.84913094636856,100.15353724079424
619,"('Wiang Kaen', 'Chiang Rai')",20.112263535876888,100.51350615149562
620,"('Khun Tan', 'Chiang Rai')",19.833640372292116,100.25870048792169
621,"('Mae Fa Luang', 'Chiang Rai')",20.266901132295565,99.80111893982064
622,"('Mae Lao', 'Chiang Rai')",19.79004562609044,99.69957960563622
623,"('Wiang Chiang Rung', 'Chiang Rai')",20.012794066244027,100.0566891674396
624,"('Doi Luang', 'Chiang Rai')",20.118402963408027,100.09920051397728
625,"('Mueang Mae Hong Son', 'Mae Hong Son')",19.30408549848365,97.97732518334384
626,"('Khun Yuam', 'Mae Hong Son')",18.83960313105864,97.95120880670662
627,"('Pai', 'Mae Hong Son')",19.358723923647297,98.43960116254854
628,"('Mae Sariang', 'Mae Hong Son')",18.159121154162964,97.93295674341012
629,"('Mae La Noi', 'Mae Hong Son')",18.38412847710431,97.93693627543936
630,"('Sop Moei', 'Mae Hong Son')",17.96252431703154,97.9319738906527
631,"('Pang Mapha', 'Mae Hong Son')",19.52259560537127,98.2463451934709
632,"('Mueang Nakhon Sawan', 'Nakhon Sawan')",15.704878002574434,100.13757625724143
633,"('Krok Phra', 'Nakhon Sawan')",15.556775896302836,100.07350674619768
634,"('Chum Saeng', 'Nakhon Sawan')",15.88093264031979,100.3025423710623
635,"('Nong Bua', 'Nakhon Sawan')",15.86491141974972,100.58611369991776
636,"('Banphot Phisai', 'Nakhon Sawan')",15.93598990868482,99.9822011298804
637,"('Kao Liao', 'Nakhon Sawan')",15.850371160436232,100.07861076424328
638,"('Takhli', 'Nakhon Sawan')",15.263042026399784,100.34358701935165
639,"('Tha Tako', 'Nakhon Sawan')",15.640612902633949,100.4828345134184
640,"('Phaisali', 'Nakhon Sawan')",15.597506909161144,100.65805688593686
641,"('Phayuha Hkiri', 'Nakhon Sawan')",15.48720933034607,100.13988469989955
642,"('Lat Yao', 'Nakhon Sawan')",15.75180534437498,99.78943206750024
643,"('Tak Fa', 'Nakhon Sawan')",15.348270684693825,100.49612354960178
644,"('Mae Wong', 'Nakhon Sawan')",15.781069413176024,99.5190651624748
645,"('Mae Pern', 'Nakhon Sawan')",15.657631742526522,99.46917245754108
646,"('Chum Ta Bong', 'Nakhon Sawan')",15.631666184643098,99.5527967722136
647,"('Mueang Uthai Thani', 'Uthai Thani')",15.379401761595926,100.02474181337082
648,"('Thap Than', 'Uthai Thani')",15.459621388350962,99.88654872331936
649,"('Sawang Arom', 'Uthai Thani')",15.583886967201114,99.86091817711193
650,"('Nong Chang', 'Uthai Thani')",15.391071095297658,99.8411386437052
651,"('Nong Khayang', 'Uthai Thani')",15.363994243820857,99.92921189303904
652,"('Ban Rai', 'Uthai Thani')",15.083825176399555,99.52123881043852
653,"('Lan Sak', 'Uthai Thani')",15.45297758291435,99.57605384772744
654,"('Huai Khot', 'Uthai Thani')",15.291442885794345,99.61663917704274
655,"('Mueang Kamphaeng Phet', 'Kamphaeng Phet')",16.48523075200554,99.52500076523968
656,"('Sai Ngam', 'Kamphaeng Phet')",16.472510066814085,99.8966488979254
657,"('Khlong Lan', 'Kamphaeng Phet')",16.20374705394309,99.32089897788116
658,"('Khanu Woralaksaburi', 'Kamphaeng Phet')",16.06186131900579,99.86015417501454
659,"('Khlong Khlung', 'Kamphaeng Phet')",16.21648174147064,99.71933967721397
660,"('Phran Kratai', 'Kamphaeng Phet')",16.664907571895444,99.58837658041672
661,"('Lan Krabue', 'Kamphaeng Phet')",16.600780727548756,99.849079115929
662,"('Sai Thong Watthana', 'Kamphaeng Phet')",16.312338316651278,99.8309265507412
663,"('Pang Sila Thong', 'Kamphaeng Phet')",16.09638001749571,99.49017304034966
664,"('Bueng Samakkhi', 'Kamphaeng Phet')",16.18860980258306,99.97757186706308
665,"('Kosamphi Nakhon', 'Kamphaeng Phet')",16.633418729016476,99.3499055313749
666,"('Mueang Tak', 'Tak')",16.881436164528385,99.12366399357884
667,"('Ban Tak', 'Tak')",17.043440656909368,99.07903278233452
668,"('Sam Ngao', 'Tak')",17.224910985233706,99.05515902304543
669,"('Mae Ramat', 'Tak')",16.982998043672637,98.51684787033922
670,"('Tha Song Yang', 'Tak')",17.226916377530127,98.22577568792931
671,"('Mae Sot', 'Tak')",16.71302142563281,98.5747040404782
672,"('Phop Phra', 'Tak')",16.38483019889791,98.69024308992503
673,"('Um Phang', 'Tak')",16.016322221590247,98.86271227062278
674,"('Wang Chao', 'Tak')",16.70420623704615,99.24297244920524
675,"('Mueang Sukhothai', 'Sukhothai')",17.007915416806433,99.82332156870382
676,"('Ban Dan Lan Hoi', 'Sukhothai')",17.006170081307808,99.57471488844382
677,"('Khiri Mat', 'Sukhothai')",16.83334603570956,99.80174248000658
678,"('Kong Krailat', 'Sukhothai')",16.95265813130106,99.97591013370848
679,"('Si Satchanalai', 'Sukhothai')",17.517370918913404,99.76028855643531
680,"('Si Samrong', 'Sukhothai')",17.16463237649639,99.86172267994442
681,"('Sawankhalok', 'Sukhothai')",17.317323070629538,99.8312742249305
682,"('Si Nakhon', 'Sukhothai')",17.348363057725624,99.99043095370492
683,"('Thung Saliam', 'Sukhothai')",17.320978385210235,99.56087042572516
684,"('Mueang Phitsanulok', 'Phitsanulok')",16.824614351809714,100.25913868271874
685,"('Nakhon Thai', 'Phitsanulok')",17.101092720812694,100.83744341148976
686,"('Chat Trakan', 'Phitsanulok')",17.27673299260133,100.59897038146956
687,"('Bang Rakam', 'Phitsanulok')",16.758321020299167,100.11816151633006
688,"('Bang Krathum', 'Phitsanulok')",16.58520707054659,100.30602737468772
689,"('Phrom Phiram', 'Phitsanulok')",17.03340572908533,100.20204379989752
690,"('Wat Bot', 'Phitsanulok')",16.980127910651067,100.33416552067128
691,"('Wang Thong', 'Phitsanulok')",16.824435349170976,100.42883392981211
692,"('Noen Maprang', 'Phitsanulok')",16.56844238336112,100.63554742875304
693,"('Mueang Phichit', 'Phichit')",16.43874285901666,100.35031469957448
694,"('Wang Sai Phun', 'Phichit')",16.388637364758306,100.53802262509072
695,"('Pho Prathap Chang', 'Phichit')",16.311102702978978,100.2748167710688
696,"('Taphan Hin', 'Phichit')",16.214218118427148,100.42217184493876
697,"('Bang Mun Nak', 'Phichit')",16.027823046158794,100.37878866142536
698,"('Pho Thale', 'Phichit')",16.075000239148494,100.3032712824341
699,"('Sam Ngam', 'Phichit')",16.509068164973026,100.20460821966972
700,"('Tap Khlo', 'Phichit')",16.160361519444415,100.59656397654838
701,"('Sak Lek', 'Phichit')",16.509641908003804,100.46921721845176
702,"('Bueng Na Rang', 'Phichit')",16.172367957847918,100.12485286359582
703,"('Dong Charoen', 'Phichit')",16.02916096962888,100.62708748276528
704,"('Wachirabarami', 'Phichit')",16.52427285502723,100.14449915675334
705,"('Mueang Phetchabun', 'Phetchabun')",16.442986424976475,101.14918615616064
706,"('Chon Daen', 'Phetchabun')",16.18928965771259,100.85967150897709
707,"('Lom Sak', 'Phetchabun')",16.779597196305495,101.24233532889318
708,"('Lom Kao', 'Phetchabun')",16.885714548053542,101.22939765236038
709,"('Wichian Buri', 'Phetchabun')",15.65719065461655,101.1065748699457
710,"('Si Thep', 'Phetchabun')",15.453773070454034,101.06696715755989
711,"('Nong Phai', 'Phetchabun')",15.99014796827965,101.06239723997903
712,"('Bueng Sam Phan', 'Phetchabun')",15.796558265430976,101.00835220872484
713,"('Nam Nao', 'Phetchabun')",16.767228463525356,101.66964358625128
714,"('Wang Pong', 'Phetchabun')",16.34129407097575,100.79352877275376
715,"('Khao kho', 'Phetchabun')",16.633713948394227,100.99816860381183
716,"('Mueang Ratchaburi', 'Ratchaburi')",13.528886542456355,99.81263174591012
717,"('Chom Bueng', 'Ratchaburi')",13.619573438978804,99.59172135338544
718,"('Suan Phueng', 'Ratchaburi')",13.544095449877622,99.33982087555444
719,"('Damnoen Saduak', 'Ratchaburi')",13.51770349443403,99.95449517788472
720,"('Ban Pong', 'Ratchaburi')",13.814028362636568,99.87116905534454
721,"('Bang Phae', 'Ratchaburi')",13.691259457587948,99.93044926732354
722,"('Photharam', 'Ratchaburi')",13.69243319828812,99.85348641622288
723,"('Pak Tho', 'Ratchaburi')",13.367839262252865,99.8305554604128
724,"('Wat Phleng', 'Ratchaburi')",13.453791719593506,99.88686914133343
725,"('Ban Kha', 'Ratchaburi')",13.43044491059529,99.40965598968012
726,"('Mueang Kanchanaburi', 'Kanchanaburi')",14.003795734800711,99.55000973701178
727,"('Sai Yok', 'Kanchanaburi')",14.11564124503416,99.14469703566328
728,"('Bo Phloi', 'Kanchanaburi')",14.324989914458358,99.51430720635362
729,"('Si Sawat', 'Kanchanaburi')",14.600381506252669,99.11449091421856
730,"('Tha Maka', 'Kanchanaburi')",13.920557686264456,99.76530037113844
731,"('Tha Muang', 'Kanchanaburi')",13.96666478251198,99.63850500672432
732,"('Thong Pha Phum', 'Kanchanaburi')",14.74586233676686,98.62519124904604
733,"('Sangkhla Buri', 'Kanchanaburi')",15.15555421320178,98.45339575352486
734,"('Phanom Thuan', 'Kanchanaburi')",14.130277498277335,99.69897496298135
735,"('Lao Khwan', 'Kanchanaburi')",14.596646077275611,99.77461389997364
736,"('Dan Makham Tia', 'Kanchanaburi')",13.853501976975773,99.41053332325065
737,"('Nong Prue', 'Kanchanaburi')",14.612627379278791,99.45079308928412
738,"('Huai Krachao', 'Kanchanaburi')",14.327164764908714,99.6667077137334
739,"('Mueang Saphan Buri', 'Suphan Buri')",14.474459454200524,100.11843846666692
740,"('Doem Bang Nang Buat', 'Suphan Buri')",14.853719877263051,100.0979679417952
741,"('Dan Chang', 'Suphan Buri')",14.841606863811029,99.69732002574668
742,"('Bang Pla Ma', 'Suphan Buri')",14.40229600012197,100.15427285521326
743,"('Si Prachan', 'Suphan Buri')",14.619849416163882,100.1444510609862
744,"('Don Chedi', 'Suphan Buri')",14.635139116461003,100.0210795718853
745,"('Song Phi Nong', 'Suphan Buri')",14.22369629017095,100.02106522093484
746,"('Sam Chuk', 'Suphan Buri')",14.755274909358254,100.09476456481102
747,"('U Thong', 'Suphan Buri')",14.375634216449578,99.89238663948238
748,"('Nong Ya Sai', 'Suphan Buri')",14.774928203797137,99.9108430663149
749,"('mueang Nakhon Pathom', 'Nakhon Pathom')",13.819727627382653,100.06588514221272
750,"('Kamphaeng Saen', 'Nakhon Pathom')",13.983890554329648,99.99387198464478
751,"('Nakhon Chai Si', 'Nakhon Pathom')",13.80109168210314,100.18764080393817
752,"('Don Tum', 'Nakhon Pathom')",13.960498966963948,100.08122306256008
753,"('Bang Len', 'Nakhon Pathom')",14.02154983765322,100.1654586176418
754,"('Sam Phran', 'Nakhon Pathom')",13.724188966809752,100.2166609529
755,"('Phutthamonthon', 'Nakhon Pathom')",13.802071478437664,100.32148652876629
756,"('Mueang Samut Sakhon', 'Samut Sakhon')",13.548360285937592,100.27347094301932
757,"('Krathum Baen', 'Samut Sakhon')",13.655867116019024,100.26771352525252
758,"('Ban Phaeo', 'Samut Sakhon')",13.590512472809769,100.10768004626956
759,"('Mueang Samut Songkhram', 'Samut Songkhram')",13.413848306896243,100.00334956480232
760,"('Bang Khonthi', 'Samut Songkhram')",13.468826516020028,99.94035164182829
761,"('Amphawa', 'Samut Songkhram')",13.424432033399448,99.95734734025164
762,"('Mueang Phetchaburi', 'Phetchaburi')",13.111760714851735,99.94411914392528
763,"('Khao Yoi', 'Phetchaburi')",13.24028727815931,99.82399575757644
764,"('Nong Ya Plong', 'Phetchaburi')",13.162971080715227,99.69715965559988
765,"('Cha-am', 'Phetchaburi')",12.799645764734326,99.96712508326834
766,"('Tha Yang', 'Phetchaburi')",12.973465841217218,99.88782956761784
767,"('Ban Lat', 'Phetchaburi')",13.049419809843338,99.91889037159484
768,"('Ban Laem', 'Phetchaburi')",13.200520938727484,99.98022333813158
769,"('Kaeng Krachan', 'Phetchaburi')",12.907557150413224,99.64822294257355
770,"('Mueang Prachuap Khiri Khan', 'Prachuap Khiri Khan')",11.80864959896158,99.79660431782004
771,"('Kui Buri', 'Prachuap Khiri Khan')",12.082885433065185,99.85457249852296
772,"('Thap Sakae', 'Prachuap Khiri Khan')",11.499527287530256,99.62216811354472
773,"('Bang Saphan', 'Prachuap Khiri Khan')",11.214266942466557,99.511845012681
774,"('Bang Saphan Noi', 'Prachuap Khiri Khan')",11.075116029043604,99.44134943377586
775,"('Pran Buri', 'Prachuap Khiri Khan')",12.394335830340538,99.91629950368416
776,"('Hua Hin', 'Prachuap Khiri Khan')",12.53016327675835,99.88062707683788
777,"('Sam Roi Yot', 'Prachuap Khiri Khan')",12.270695206521596,99.87196316409144
778,"('Mueang Nakhon Si Thammarat', 'Nakhon Si Thammarat')",8.481024740283933,99.9673099710435
779,"('Phrom Khiri', 'Nakhon Si Thammarat')",8.52272417970887,99.82332047158344
780,"('Lan Saka', 'Nakhon Si Thammarat')",8.370936099989324,99.8054980133696
781,"('Chawang', 'Nakhon Si Thammarat')",8.426025663023358,99.50463461428964
782,"('Phipun', 'Nakhon Si Thammarat')",8.560965029874772,99.60749397376196
783,"('Chian Yai', 'Nakhon Si Thammarat')",8.16903016834393,100.14481921252587
784,"('Cha-uat', 'Nakhon Si Thammarat')",7.995446836792531,99.98922264409512
785,"('Tha Sala', 'Nakhon Si Thammarat')",8.667373907414198,99.93087658090872
786,"('Thung Song', 'Nakhon Si Thammarat')",8.16468885020509,99.6807438575646
787,"('Na Bon', 'Nakhon Si Thammarat')",8.261958291241308,99.59457912872796
788,"('Thung Yai', 'Nakhon Si Thammarat')",8.296282458581812,99.37433633547002
789,"('Pak Phanang', 'Nakhon Si Thammarat')",8.357998492730513,100.20524184272558
790,"('Ron Phibun', 'Nakhon Si Thammarat')",8.179504387666052,99.85486142336708
791,"('Sichon', 'Nakhon Si Thammarat')",8.963694123392498,99.89640699710854
792,"('Khanom', 'Nakhon Si Thammarat')",9.204822757825392,99.86113910401666
793,"('Hua Sai', 'Nakhon Si Thammarat')",8.04056665185287,100.27591351341012
794,"('Bang Khan', 'Nakhon Si Thammarat')",8.026895286552822,99.47303057932902
795,"('Tham Phannara', 'Nakhon Si Thammarat')",8.421001612836795,99.39525830572826
796,"('Chulabhorn', 'Nakhon Si Thammarat')",8.075752911208234,99.86955253550204
797,"('Phra Phrom', 'Nakhon Si Thammarat')",8.33831133297712,99.90114160536343
798,"('Nopphitam', 'Nakhon Si Thammarat')",8.719469844662799,99.75171373652228
799,"('Chang Klang', 'Nakhon Si Thammarat')",8.37415459276495,99.56782899805242
800,"('Mueang Krabi', 'Krabi')",8.061763150872709,98.91857211721936
801,"('Khao Phanom', 'Krabi')",8.264923005122508,99.04963943438898
802,"('Ko Lanta', 'Krabi')",7.655484457684147,99.04171480554668
803,"('Khlong Thom', 'Krabi')",7.95423580685739,99.14489509762548
804,"('Ao Luek', 'Krabi')",8.37794399292716,98.72216047857258
805,"('Plai Phraya', 'Krabi')",8.533183092941565,98.86447316433052
806,"('Lam Thap', 'Krabi')",8.072378697520255,99.29234917671408
807,"('Nuea Khlong', 'Krabi')",8.074737684045544,99.00413052275218
808,"('Mueang Phang-nga', 'Phang Nga')",8.439932144896245,98.5182664296766
809,"('Ko Yao', 'Phang Nga')",8.111057441885057,98.5907219782417
810,"('Kapong', 'Phang Nga')",8.697187325121748,98.40909722965183
811,"('Takua Thung', 'Phang Nga')",8.392065768415863,98.45181648442237
812,"('Takua Pa', 'Phang Nga')",8.869583878805376,98.34331832466698
813,"('Khura Buri', 'Phang Nga')",9.193874498096784,98.414956865484
814,"('Thap Put', 'Phang Nga')",8.516109668209808,98.6398088258006
815,"('Thai Mueang', 'Phang Nga')",8.399343280685029,98.26087190576524
816,"('Mueang Phuket', 'Phuket')",7.889595214091463,98.38540420419328
817,"('Kathu', 'Phuket')",7.908998463274505,98.33339289137756
818,"('Thalang', 'Phuket')",8.031570296598234,98.333979631694
819,"('Mueang Surat Thani', 'Surat Thani')",9.136069196016727,99.3202741016956
820,"('Kanchanadit', 'Surat Thani')",9.16553945504619,99.47101535142512
821,"('Don Sak', 'Surat Thani')",9.315481903838249,99.69079609918944
822,"('Ko Samui', 'Surat Thani')",9.53652162636704,99.93631595793394
823,"('Ko Pha-ngan', 'Surat Thani')",9.72033222895258,99.99650975594774
824,"('Chaiya', 'Surat Thani')",9.38650939256794,99.20058238453122
825,"('Tha Chana', 'Surat Thani')",9.572302806006824,99.16492311155996
826,"('Khiri Rat Nikhom', 'Surat Thani')",9.030151706181544,98.9528709133896
827,"('Ban Ta Khun', 'Surat Thani')",8.903995705267494,98.88447604960018
828,"('Phanom', 'Surat Thani')",8.8553655911382,98.81253551551036
829,"('Tha Chang', 'Surat Thani')",9.280997640630384,99.2003516981172
830,"('Ban Na San', 'Surat Thani')",8.800681086820347,99.36408182748237
831,"('Ban Na Doem', 'Surat Thani')",8.884305311784974,99.31045973734588
832,"('Khian Sa', 'Surat Thani')",8.840967590814575,99.19416304863933
833,"('Wiang Sa', 'Surat Thani')",8.62998932576253,99.34292356440072
834,"('Phrasaeng', 'Surat Thani')",8.568264941663918,99.24763723089474
835,"('Phunphin', 'Surat Thani')",9.110798633376785,99.23161925128736
836,"('Chai Buri', 'Surat Thani')",8.463786953067043,99.075455802743
837,"('Chai Buri', 'Surat Thani')",9.238964994808102,98.97850219323028
838,"('Mueang Ranong', 'Ranong')",9.956734910080268,98.637617829377
839,"('La-un', 'Ranong')",10.115360632368942,98.75043639405372
840,"('Papoe', 'Ranong')",9.585244157474122,98.59605563404364
841,"('Kra Buri', 'Ranong')",10.43155916894602,98.78823680156994
842,"('Suk Samran', 'Ranong')",9.3446769262052,98.42945635256092
843,"('Mueang Chumphon', 'Chumphon')",10.49278495852351,99.1791514535479
844,"('Tha Sae', 'Chumphon')",10.664579833437434,99.17275758530238
845,"('Pathio', 'Chumphon')",10.709364824987972,99.31867741426404
846,"('Lang Suan', 'Chumphon')",9.945492991040489,99.07862651437848
847,"('Lamae', 'Chumphon')",9.767947192720776,99.09218259020514
848,"('Phato', 'Chumphon')",9.790839295976426,98.77698127788618
849,"('Sawi', 'Chumphon')",10.253025578743973,99.09440123555734
850,"('Thung Tako', 'Chumphon')",10.110545375300743,99.0825397420601
851,"('Muaeng Songkhla', 'Songkhla')",7.207599177546825,100.59656947497837
852,"('Sathing Phra', 'Songkhla')",7.472734318846526,100.43895751618749
853,"('Chana', 'Songkhla')",6.915058573016825,100.73909454904852
854,"('Na Thawi', 'Songkhla')",6.741695427310968,100.69210083555475
855,"('Thepha', 'Songkhla')",6.8288965289957,100.96473622221043
856,"('Saba Yoi', 'Songkhla')",6.626136978043142,100.94903675738004
857,"('Ranot', 'Songkhla')",7.768793702800309,100.32375661476944
858,"('Krasae Sin', 'Songkhla')",7.617912720224022,100.3289441570629
859,"('Rattaphum', 'Songkhla')",7.134808437726961,100.25646503710372
860,"('Sadao', 'Songkhla')",6.638560051395512,100.42373229555092
861,"('Hat Yai', 'Songkhla')",7.002075435419267,100.45714994230246
862,"('Na Mom', 'Songkhla')",6.958495279137669,100.55707458998438
863,"('Khuan Niang', 'Songkhla')",7.186987338084457,100.357897395066
864,"('Bang Klam', 'Songkhla')",7.08934586636093,100.41077271656914
865,"('Singhanakhon', 'Songkhla')",7.238343929981016,100.55290817966564
866,"('Khlong Hoi Khong', 'Songkhla')",6.899197573489437,100.38871647191758
867,"('Mueang Satun', 'Satun')",6.650286039353898,100.08534917336404
868,"('Khuan Don', 'Satun')",6.787827856781503,100.0772486993714
869,"('Khuan Kalong', 'Satun')",6.8537218836364975,100.05810352475052
870,"('Tha Phae', 'Satun')",6.789794563836568,99.97005978232652
871,"('La-ngu', 'Satun')",6.863945523773446,99.80248878735564
872,"('Thung  Wa', 'Satun')",7.090142358099051,99.76783406212132
873,"('Manang', 'Satun')",6.998595863398706,99.92165160746784
874,"('Mueang Trang', 'Trang')",7.557945554933796,99.60976134250784
875,"('Kantang', 'Trang')",7.405185220762826,99.5150265342072
876,"('Yan Ta Khao', 'Trang')",7.385835989027286,99.66718796190855
877,"('Palian', 'Trang')",7.172320144869202,99.68580777113644
878,"('Sikao', 'Trang')",7.571029212482474,99.34527963341324
879,"('Huai Yot', 'Trang')",7.788867254574253,99.63461786452096
880,"('Wang Wiset', 'Trang')",7.73592099861079,99.39294563069905
881,"('Na Yong', 'Trang')",7.561650899992816,99.69495845950368
882,"('Ratsada', 'Trang')",7.97471975015444,99.63321143554872
883,"('Hat Samran', 'Trang')",7.239887245254499,99.57671815029327
884,"('Mueang Phatthalung', 'Phatthalung')",7.619160126428291,100.07297209887872
885,"('Kong Ra', 'Phatthalung')",7.402979141249867,99.94982752045227
886,"('Khao Chaison', 'Phatthalung')",7.460980642985884,100.1339323134254
887,"('Tamot', 'Phatthalung')",7.339524238590863,100.11114544224212
888,"('Khuan Khanun', 'Phatthalung')",7.735246746910693,100.01023238044866
889,"('Pak Phayun', 'Phatthalung')",7.342260211944945,100.31725301557935
890,"('Si Banphot', 'Phatthalung')",7.719301022696043,99.88258138341722
891,"('Pa Bon', 'Phatthalung')",7.269760451004929,100.1703598583859
892,"('Bang Kaeo', 'Phatthalung')",7.429570696891464,100.17796129991952
893,"('Pa Phayom', 'Phatthalung')",7.840228163274621,99.91774879179803
894,"('Srinagarindra', 'Phatthalung')",7.569875575960848,99.94330406532671
895,"('Mueang Pattani', 'Pattani')",6.868793050636623,101.25021229685828
896,"('Khok Pho', 'Pattani')",6.729931167128322,101.09619798863478
897,"('Nong Chik', 'Pattani')",6.844308616338846,101.1787036513232
898,"('Panare', 'Pattani')",6.8602961818262616,101.49094233626874
899,"('Mayo', 'Pattani')",6.718668068409561,101.41007690222412
900,"('Thung Yang Daeng', 'Pattani')",6.616380093204992,101.42552079745931
901,"('Sai Buri', 'Pattani')",6.701367251887247,101.61744370721571
902,"('Mai Kaen', 'Pattani')",6.610121891012221,101.66719527642952
903,"('Yaring', 'Pattani')",6.866137306657821,101.36927591239385
904,"('Yarang', 'Pattani')",6.760078605247956,101.29370299503488
905,"('Kapho', 'Pattani')",6.559395270911327,101.5345262789104
906,"('Mae Lan', 'Pattani')",6.660882990969411,101.2398003663184
907,"('Mueang Yala', 'Yala')",6.541713290045728,101.28144223792292
908,"('Betong', 'Yala')",5.773545811604548,101.06047043555152
909,"('Bannang Sata', 'Yala')",6.266145129077294,101.26512903405224
910,"('Than To', 'Yala')",6.167391678790215,101.17954088317
911,"('Yaha', 'Yala')",6.478297292100972,101.13482060090686
912,"('Raman', 'Yala')",6.478622645223379,101.42429396421008
913,"('Kabang', 'Yala')",6.4786156951323735,101.42426639577955
914,"('Krong Pinang', 'Yala')",6.411091615375598,101.27335413822672
915,"('Mueang Narathiwat', 'Narathiwat')",6.4251753863204,101.82351543167016
916,"('Tak Bai', 'Narathiwat')",6.25905284893509,102.05513875985724
917,"('Tak Bai', 'Narathiwat')",6.517122419676882,101.65211882155316
918,"('Yi-ngo', 'Narathiwat')",6.403024176333826,101.70652044770654
919,"('Ra-ngae', 'Narathiwat')",6.296453354728177,101.72875967053676
920,"('Rueso', 'Narathiwat')",6.394700015504791,101.5183294012002
921,"('Si Sakhon', 'Narathiwat')",6.23024183642094,101.49960812214174
922,"('Waeng', 'Narathiwat')",5.928195180404217,101.88354470752056
923,"('Sukhirin', 'Narathiwat')",5.939935389318846,101.77135030993496
924,"('Su-ngai Kolok', 'Narathiwat')",6.029325504214691,101.96628960660932
925,"('Su-ngai Padi', 'Narathiwat')",6.08524720171948,101.87996295696236
926,"('Chanae', 'Narathiwat')",6.09898933150209,101.69326743563278
927,"('Cho-airong', 'Narathiwat')",6.225381810463167,101.81145734533712
